날짜,종가
2015-09-01,"1,179.05"
2015-09-02,"1,183.08"
2015-09-03,"1,190.04"
2015-09-04,"1,200.33"
2015-09-07,"1,202.40"
2015-09-08,"1,193.96"
2015-09-09,"1,190.51"
2015-09-10,"1,181.93"
2015-09-11,"1,181.69"
2015-09-14,"1,181.83"
2015-09-15,"1,178.13"
2015-09-16,"1,169.22"
2015-09-17,"1,165.89"
2015-09-18,"1,172.04"
2015-09-21,"1,177.45"
2015-09-22,"1,184.56"
2015-09-23,"1,193.94"
2015-09-24,"1,190.14"
2015-09-25,"1,192.07"
2015-09-28,"1,195.04"
2015-09-29,"1,195.02"
2015-09-30,"1,184.44"
2015-10-01,"1,177.71"
2015-10-02,"1,172.10"
2015-10-05,"1,160.01"
2015-10-06,"1,160.58"
2015-10-07,"1,157.81"
2015-10-08,"1,151.98"
2015-10-09,"1,147.05"
2015-10-12,"1,143.16"
2015-10-13,"1,149.29"
2015-10-14,"1,136.01"
2015-10-15,"1,122.04"
2015-10-16,"1,130.44"
2015-10-19,"1,131.06"
2015-10-20,"1,130.49"
2015-10-21,"1,139.07"
2015-10-22,"1,129.36"
2015-10-23,"1,135.01"
2015-10-26,"1,128.63"
2015-10-27,"1,135.14"
2015-10-28,"1,145.03"
2015-10-29,"1,141.19"
2015-10-30,"1,140.16"
2015-11-02,"1,137.38"
2015-11-03,"1,128.91"
2015-11-04,"1,134.25"
2015-11-05,"1,136.91"
2015-11-06,"1,151.78"
2015-11-09,"1,157.79"
2015-11-10,"1,157.93"
2015-11-11,"1,154.23"
2015-11-12,"1,158.28"
2015-11-13,"1,169.73"
2015-11-16,"1,168.64"
2015-11-17,"1,168.77"
2015-11-18,"1,165.45"
2015-11-19,"1,154.66"
2015-11-20,"1,153.62"
2015-11-23,"1,157.86"
2015-11-24,"1,145.72"
2015-11-25,"1,143.21"
2015-11-26,"1,147.88"
2015-11-27,"1,155.83"
2015-11-30,"1,159.61"
2015-12-01,"1,154.69"
2015-12-02,"1,162.01"
2015-12-03,"1,153.02"
2015-12-04,"1,162.64"
2015-12-07,"1,175.35"
2015-12-08,"1,179.49"
2015-12-09,"1,180.96"
2015-12-10,"1,178.06"
2015-12-11,"1,186.58"
2015-12-14,"1,183.32"
2015-12-15,"1,173.69"
2015-12-16,"1,171.22"
2015-12-17,"1,184.04"
2015-12-18,"1,181.43"
2015-12-21,"1,173.46"
2015-12-22,"1,170.72"
2015-12-23,"1,173.02"
2015-12-24,"1,169.03"
2015-12-25,"1,169.95"
2015-12-28,"1,167.85"
2015-12-29,"1,170.56"
2015-12-30,"1,176.51"
2015-12-31,"1,174.95"
2016-01-01,"1,174.45"
2016-01-04,"1,189.35"
2016-01-05,"1,189.81"
2016-01-06,"1,199.52"
2016-01-07,"1,196.29"
2016-01-08,"1,206.94"
2016-01-11,"1,203.76"
2016-01-12,"1,209.33"
2016-01-13,"1,209.24"
2016-01-14,"1,206.74"
2016-01-15,"1,213.81"
2016-01-18,"1,210.57"
2016-01-19,"1,206.49"
2016-01-20,"1,208.25"
2016-01-21,"1,203.55"
2016-01-22,"1,196.57"
2016-01-25,"1,198.70"
2016-01-26,"1,197.20"
2016-01-27,"1,207.79"
2016-01-28,"1,206.74"
2016-01-29,"1,207.11"
2016-02-01,"1,201.79"
2016-02-02,"1,211.48"
2016-02-03,"1,199.79"
2016-02-04,"1,190.59"
2016-02-05,"1,204.99"
2016-02-08,"1,202.69"
2016-02-09,"1,197.39"
2016-02-10,"1,187.69"
2016-02-11,"1,199.65"
2016-02-12,"1,206.00"
2016-02-15,"1,213.39"
2016-02-16,"1,217.91"
2016-02-17,"1,222.89"
2016-02-18,"1,227.59"
2016-02-19,"1,232.87"
2016-02-22,"1,223.09"
2016-02-23,"1,231.04"
2016-02-24,"1,231.71"
2016-02-25,"1,233.89"
2016-02-26,"1,242.13"
2016-02-29,"1,237.24"
2016-03-01,"1,227.99"
2016-03-02,"1,223.69"
2016-03-03,"1,211.07"
2016-03-04,"1,198.00"
2016-03-07,"1,198.49"
2016-03-08,"1,208.89"
2016-03-09,"1,208.49"
2016-03-10,"1,204.09"
2016-03-11,"1,186.90"
2016-03-14,"1,187.69"
2016-03-15,"1,193.59"
2016-03-16,"1,177.59"
2016-03-17,"1,153.59"
2016-03-18,"1,163.30"
2016-03-21,"1,159.99"
2016-03-22,"1,156.27"
2016-03-23,"1,167.49"
2016-03-24,"1,167.19"
2016-03-25,"1,167.69"
2016-03-28,"1,164.69"
2016-03-29,"1,154.39"
2016-03-30,"1,142.95"
2016-03-31,"1,143.97"
2016-04-01,"1,146.59"
2016-04-04,"1,151.16"
2016-04-05,"1,159.81"
2016-04-06,"1,154.84"
2016-04-07,"1,159.49"
2016-04-08,"1,150.29"
2016-04-11,"1,141.29"
2016-04-12,"1,142.89"
2016-04-13,"1,144.89"
2016-04-14,"1,152.39"
2016-04-15,"1,145.69"
2016-04-18,"1,143.38"
2016-04-19,"1,127.69"
2016-04-20,"1,132.39"
2016-04-21,"1,140.09"
2016-04-22,"1,148.69"
2016-04-25,"1,150.21"
2016-04-26,"1,146.90"
2016-04-27,"1,148.01"
2016-04-28,"1,136.29"
2016-04-29,"1,143.83"
2016-05-02,"1,135.79"
2016-05-03,"1,150.49"
2016-05-04,"1,165.79"
2016-05-05,"1,166.59"
2016-05-06,"1,168.30"
2016-05-09,"1,174.29"
2016-05-10,"1,169.59"
2016-05-11,"1,164.19"
2016-05-12,"1,169.19"
2016-05-13,"1,175.49"
2016-05-16,"1,177.20"
2016-05-17,"1,176.24"
2016-05-18,"1,188.19"
2016-05-19,"1,186.48"
2016-05-20,"1,185.20"
2016-05-23,"1,181.89"
2016-05-24,"1,186.89"
2016-05-25,"1,180.49"
2016-05-26,"1,178.69"
2016-05-27,"1,185.25"
2016-05-30,"1,191.99"
2016-05-31,"1,188.39"
2016-06-01,"1,191.37"
2016-06-02,"1,185.81"
2016-06-03,"1,162.19"
2016-06-06,"1,161.69"
2016-06-07,"1,154.99"
2016-06-08,"1,153.25"
2016-06-09,"1,157.99"
2016-06-10,"1,170.53"
2016-06-13,"1,171.44"
2016-06-14,"1,175.35"
2016-06-15,"1,167.79"
2016-06-16,"1,171.65"
2016-06-17,"1,169.46"
2016-06-20,"1,158.59"
2016-06-21,"1,152.19"
2016-06-22,"1,148.28"
2016-06-23,"1,140.75"
2016-06-24,"1,170.95"
2016-06-27,"1,179.19"
2016-06-28,"1,166.07"
2016-06-29,"1,153.32"
2016-06-30,"1,150.99"
2016-07-01,"1,149.00"
2016-07-04,"1,150.79"
2016-07-05,"1,158.05"
2016-07-06,"1,158.45"
2016-07-07,"1,157.25"
2016-07-08,"1,148.80"
2016-07-11,"1,149.98"
2016-07-12,"1,142.29"
2016-07-13,"1,144.87"
2016-07-14,"1,131.19"
2016-07-15,"1,138.39"
2016-07-18,"1,133.89"
2016-07-19,"1,140.29"
2016-07-20,"1,142.53"
2016-07-21,"1,137.01"
2016-07-22,"1,134.99"
2016-07-25,"1,141.09"
2016-07-26,"1,136.39"
2016-07-27,"1,130.63"
2016-07-28,"1,123.60"
2016-07-29,"1,110.89"
2016-08-01,"1,107.09"
2016-08-02,"1,110.75"
2016-08-03,"1,116.00"
2016-08-04,"1,112.59"
2016-08-05,"1,114.27"
2016-08-08,"1,106.55"
2016-08-09,"1,101.69"
2016-08-10,"1,095.09"
2016-08-11,"1,096.49"
2016-08-12,"1,102.19"
2016-08-15,"1,096.91"
2016-08-16,"1,094.85"
2016-08-17,"1,107.07"
2016-08-18,"1,107.13"
2016-08-19,"1,114.57"
2016-08-22,"1,122.73"
2016-08-23,"1,119.58"
2016-08-24,"1,120.39"
2016-08-25,"1,114.81"
2016-08-26,"1,121.51"
2016-08-29,"1,119.08"
2016-08-30,"1,119.23"
2016-08-31,"1,115.29"
2016-09-01,"1,117.09"
2016-09-02,"1,115.45"
2016-09-05,"1,103.55"
2016-09-06,"1,093.63"
2016-09-07,"1,089.70"
2016-09-08,"1,097.63"
2016-09-09,"1,107.73"
2016-09-12,"1,106.67"
2016-09-13,"1,127.15"
2016-09-14,"1,125.57"
2016-09-15,"1,123.89"
2016-09-16,"1,125.05"
2016-09-19,"1,118.45"
2016-09-20,"1,116.19"
2016-09-21,"1,102.83"
2016-09-22,"1,102.33"
2016-09-23,"1,103.01"
2016-09-26,"1,107.91"
2016-09-27,"1,095.93"
2016-09-28,"1,091.29"
2016-09-29,"1,101.67"
2016-09-30,"1,100.91"
2016-10-03,"1,103.13"
2016-10-04,"1,115.57"
2016-10-05,"1,114.01"
2016-10-06,"1,114.35"
2016-10-07,"1,114.75"
2016-10-10,"1,107.63"
2016-10-11,"1,123.99"
2016-10-12,"1,124.51"
2016-10-13,"1,128.69"
2016-10-14,"1,135.41"
2016-10-17,"1,135.55"
2016-10-18,"1,124.13"
2016-10-19,"1,119.35"
2016-10-20,"1,130.13"
2016-10-21,"1,135.21"
2016-10-24,"1,134.59"
2016-10-25,"1,129.23"
2016-10-26,"1,137.75"
2016-10-27,"1,146.41"
2016-10-28,"1,146.31"
2016-10-31,"1,141.73"
2016-11-01,"1,144.85"
2016-11-02,"1,144.05"
2016-11-03,"1,143.47"
2016-11-04,"1,140.45"
2016-11-07,"1,140.67"
2016-11-08,"1,127.93"
2016-11-09,"1,156.49"
2016-11-10,"1,165.39"
2016-11-11,"1,164.57"
2016-11-14,"1,167.91"
2016-11-15,"1,166.63"
2016-11-16,"1,169.69"
2016-11-17,"1,179.01"
2016-11-18,"1,180.07"
2016-11-21,"1,179.19"
2016-11-22,"1,169.07"
2016-11-23,"1,180.49"
2016-11-24,"1,181.14"
2016-11-25,"1,174.77"
2016-11-28,"1,170.89"
2016-11-29,"1,166.75"
2016-11-30,"1,176.39"
2016-12-01,"1,166.73"
2016-12-02,"1,166.31"
2016-12-05,"1,166.15"
2016-12-06,"1,170.53"
2016-12-07,"1,157.27"
2016-12-08,"1,161.37"
2016-12-09,"1,171.89"
2016-12-12,"1,163.73"
2016-12-13,"1,163.30"
2016-12-14,"1,178.72"
2016-12-15,"1,182.39"
2016-12-16,"1,185.57"
2016-12-19,"1,186.69"
2016-12-20,"1,191.21"
2016-12-21,"1,193.19"
2016-12-22,"1,204.25"
2016-12-23,"1,199.35"
2016-12-26,"1,199.99"
2016-12-27,"1,206.67"
2016-12-28,"1,210.93"
2016-12-29,"1,205.39"
2016-12-30,"1,206.25"
2017-01-02,"1,202.93"
2017-01-03,"1,205.81"
2017-01-04,"1,195.15"
2017-01-05,"1,180.79"
2017-01-06,"1,201.00"
2017-01-09,"1,202.35"
2017-01-10,"1,200.79"
2017-01-11,"1,186.87"
2017-01-12,"1,174.91"
2017-01-13,"1,174.00"
2017-01-16,"1,182.37"
2017-01-17,"1,159.83"
2017-01-18,"1,177.37"
2017-01-19,"1,174.18"
2017-01-20,"1,174.39"
2017-01-23,"1,162.23"
2017-01-24,"1,169.23"
2017-01-25,"1,161.70"
2017-01-26,"1,170.99"
2017-01-27,"1,177.82"
2017-01-30,"1,169.71"
2017-01-31,"1,150.65"
2017-02-01,"1,152.71"
2017-02-02,"1,143.09"
2017-02-03,"1,137.51"
2017-02-06,"1,133.59"
2017-02-07,"1,142.39"
2017-02-08,"1,144.20"
2017-02-09,"1,150.02"
2017-02-10,"1,145.59"
2017-02-13,"1,148.71"
2017-02-14,"1,137.89"
2017-02-15,"1,134.27"
2017-02-16,"1,140.99"
2017-02-17,"1,149.77"
2017-02-20,"1,144.37"
2017-02-21,"1,141.89"
2017-02-22,"1,137.48"
2017-02-23,"1,132.09"
2017-02-24,"1,130.00"
2017-02-27,"1,133.65"
2017-02-28,"1,136.39"
2017-03-01,"1,139.23"
2017-03-02,"1,149.71"
2017-03-03,"1,151.31"
2017-03-06,"1,154.15"
2017-03-07,"1,149.67"
2017-03-08,"1,153.79"
2017-03-09,"1,159.09"
2017-03-10,"1,147.81"
2017-03-13,"1,146.59"
2017-03-14,"1,148.97"
2017-03-15,"1,127.61"
2017-03-16,"1,127.81"
2017-03-17,"1,128.03"
2017-03-20,"1,113.51"
2017-03-21,"1,122.03"
2017-03-22,"1,116.28"
2017-03-23,"1,121.68"
2017-03-24,"1,116.55"
2017-03-27,"1,110.31"
2017-03-28,"1,115.41"
2017-03-29,"1,110.47"
2017-03-30,"1,117.59"
2017-03-31,"1,116.65"
2017-04-03,"1,116.27"
2017-04-04,"1,124.09"
2017-04-05,"1,127.27"
2017-04-06,"1,130.29"
2017-04-07,"1,136.89"
2017-04-10,"1,142.47"
2017-04-11,"1,144.63"
2017-04-12,"1,133.95"
2017-04-13,"1,135.32"
2017-04-14,"1,135.45"
2017-04-17,"1,132.01"
2017-04-18,"1,141.64"
2017-04-19,"1,142.69"
2017-04-20,"1,137.11"
2017-04-21,"1,133.57"
2017-04-24,"1,133.38"
2017-04-25,"1,127.23"
2017-04-26,"1,132.03"
2017-04-27,"1,130.65"
2017-04-28,"1,136.87"
2017-05-01,"1,136.60"
2017-05-02,"1,128.20"
2017-05-03,"1,132.95"
2017-05-04,"1,134.59"
2017-05-05,"1,134.71"
2017-05-08,"1,132.69"
2017-05-09,"1,138.15"
2017-05-10,"1,131.05"
2017-05-11,"1,123.41"
2017-05-12,"1,122.41"
2017-05-15,"1,117.11"
2017-05-16,"1,115.06"
2017-05-17,"1,122.05"
2017-05-18,"1,128.19"
2017-05-19,"1,116.61"
2017-05-22,"1,115.03"
2017-05-23,"1,124.46"
2017-05-24,"1,118.23"
2017-05-25,"1,119.35"
2017-05-26,"1,117.83"
2017-05-29,"1,121.05"
2017-05-30,"1,123.49"
2017-05-31,"1,118.65"
2017-06-01,"1,121.13"
2017-06-02,"1,117.39"
2017-06-05,"1,117.31"
2017-06-06,"1,117.07"
2017-06-07,"1,123.28"
2017-06-08,"1,120.95"
2017-06-09,"1,124.29"
2017-06-12,"1,129.97"
2017-06-13,"1,126.73"
2017-06-14,"1,118.93"
2017-06-15,"1,129.83"
2017-06-16,"1,132.07"
2017-06-19,"1,135.77"
2017-06-20,"1,140.93"
2017-06-21,"1,142.32"
2017-06-22,"1,138.30"
2017-06-23,"1,133.89"
2017-06-26,"1,132.51"
2017-06-27,"1,139.55"
2017-06-28,"1,137.93"
2017-06-29,"1,146.29"
2017-06-30,"1,144.43"
2017-07-03,"1,149.27"
2017-07-04,"1,149.73"
2017-07-05,"1,152.33"
2017-07-06,"1,156.25"
2017-07-07,"1,152.74"
2017-07-10,"1,148.57"
2017-07-11,"1,148.17"
2017-07-12,"1,137.31"
2017-07-13,"1,136.85"
2017-07-14,"1,128.09"
2017-07-17,"1,127.39"
2017-07-18,"1,124.29"
2017-07-19,"1,123.59"
2017-07-20,"1,120.24"
2017-07-21,"1,117.83"
2017-07-24,"1,114.40"
2017-07-25,"1,119.01"
2017-07-26,"1,111.60"
2017-07-27,"1,116.35"
2017-07-28,"1,123.69"
2017-07-31,"1,118.40"
2017-08-01,"1,120.53"
2017-08-02,"1,121.97"
2017-08-03,"1,127.95"
2017-08-04,"1,127.77"
2017-08-07,"1,126.15"
2017-08-08,"1,128.18"
2017-08-09,"1,138.40"
2017-08-10,"1,143.17"
2017-08-11,"1,141.86"
2017-08-14,"1,138.41"
2017-08-15,"1,134.93"
2017-08-16,"1,134.60"
2017-08-17,"1,141.50"
2017-08-18,"1,138.77"
2017-08-21,"1,137.71"
2017-08-22,"1,131.38"
2017-08-23,"1,126.57"
2017-08-24,"1,127.23"
2017-08-25,"1,120.59"
2017-08-28,"1,117.47"
2017-08-29,"1,123.51"
2017-08-30,"1,123.18"
2017-08-31,"1,123.85"
2017-09-01,"1,120.69"
2017-09-04,"1,132.39"
2017-09-05,"1,131.52"
2017-09-06,"1,131.85"
2017-09-07,"1,126.89"
2017-09-08,"1,130.97"
2017-09-11,"1,129.34"
2017-09-12,"1,127.69"
2017-09-13,"1,131.07"
2017-09-14,"1,133.31"
2017-09-15,"1,132.21"
2017-09-18,"1,128.85"
2017-09-19,"1,130.18"
2017-09-20,"1,130.79"
2017-09-21,"1,131.76"
2017-09-22,"1,132.13"
2017-09-25,"1,133.79"
2017-09-26,"1,136.61"
2017-09-27,"1,144.75"
2017-09-28,"1,145.58"
2017-09-29,"1,144.29"
2017-10-02,"1,145.62"
2017-10-03,"1,142.24"
2017-10-04,"1,141.99"
2017-10-05,"1,141.41"
2017-10-06,"1,144.31"
2017-10-09,"1,142.81"
2017-10-10,"1,134.31"
2017-10-11,"1,131.91"
2017-10-12,"1,131.89"
2017-10-13,"1,125.67"
2017-10-16,"1,127.28"
2017-10-17,"1,130.21"
2017-10-18,"1,131.87"
2017-10-19,"1,128.01"
2017-10-20,"1,131.31"
2017-10-23,"1,129.85"
2017-10-24,"1,129.93"
2017-10-25,"1,126.81"
2017-10-26,"1,127.75"
2017-10-27,"1,124.97"
2017-10-30,"1,123.78"
2017-10-31,"1,117.42"
2017-11-01,"1,110.51"
2017-11-02,"1,111.35"
2017-11-03,"1,115.29"
2017-11-06,"1,111.83"
2017-11-07,"1,112.93"
2017-11-08,"1,113.31"
2017-11-09,"1,117.44"
2017-11-10,"1,119.87"
2017-11-13,"1,118.89"
2017-11-14,"1,114.51"
2017-11-15,"1,104.69"
2017-11-16,"1,096.18"
2017-11-17,"1,093.32"
2017-11-20,"1,096.03"
2017-11-21,"1,090.13"
2017-11-22,"1,085.06"
2017-11-23,"1,082.99"
2017-11-24,"1,084.61"
2017-11-27,"1,090.69"
2017-11-28,"1,082.95"
2017-11-29,"1,081.09"
2017-11-30,"1,087.13"
2017-12-01,"1,082.47"
2017-12-04,"1,085.29"
2017-12-05,"1,086.62"
2017-12-06,"1,092.99"
2017-12-07,"1,092.60"
2017-12-08,"1,091.85"
2017-12-11,"1,087.84"
2017-12-12,"1,091.89"
2017-12-13,"1,083.55"
2017-12-14,"1,088.22"
2017-12-15,"1,087.95"
2017-12-18,"1,085.05"
2017-12-19,"1,084.67"
2017-12-20,"1,079.56"
2017-12-21,"1,079.54"
2017-12-22,"1,076.74"
2017-12-25,"1,075.56"
2017-12-26,"1,075.12"
2017-12-27,"1,074.22"
2017-12-28,"1,069.25"
2017-12-29,"1,066.37"
2018-01-01,"1,065.59"
2018-01-02,"1,062.21"
2018-01-03,"1,064.13"
2018-01-04,"1,061.27"
2018-01-05,"1,061.53"
2018-01-08,"1,067.86"
2018-01-09,"1,070.97"
2018-01-10,"1,069.14"
2018-01-11,"1,064.57"
2018-01-12,"1,058.99"
2018-01-15,"1,062.43"
2018-01-16,"1,063.65"
2018-01-17,"1,066.36"
2018-01-18,"1,069.69"
2018-01-19,"1,067.11"
2018-01-22,"1,068.40"
2018-01-23,"1,072.89"
2018-01-24,"1,063.98"
2018-01-25,"1,065.47"
2018-01-26,"1,063.67"
2018-01-29,"1,069.95"
2018-01-30,"1,072.23"
2018-01-31,"1,069.08"
2018-02-01,"1,069.94"
2018-02-02,"1,089.37"
2018-02-05,"1,094.13"
2018-02-06,"1,079.06"
2018-02-07,"1,089.24"
2018-02-08,"1,096.58"
2018-02-09,"1,084.67"
2018-02-12,"1,081.60"
2018-02-13,"1,084.05"
2018-02-14,"1,069.91"
2018-02-15,"1,063.14"
2018-02-16,"1,066.19"
2018-02-19,"1,066.41"
2018-02-20,"1,073.91"
2018-02-21,"1,075.01"
2018-02-22,"1,079.72"
2018-02-23,"1,076.00"
2018-02-26,"1,069.67"
2018-02-27,"1,080.45"
2018-02-28,"1,084.21"
2018-03-01,"1,081.83"
2018-03-02,"1,078.69"
2018-03-05,"1,076.67"
2018-03-06,"1,062.96"
2018-03-07,"1,066.43"
2018-03-08,"1,073.11"
2018-03-09,"1,064.38"
2018-03-12,"1,064.02"
2018-03-13,"1,065.87"
2018-03-14,"1,063.55"
2018-03-15,"1,068.77"
2018-03-16,"1,069.53"
2018-03-19,"1,072.49"
2018-03-20,"1,070.91"
2018-03-21,"1,064.15"
2018-03-22,"1,080.21"
2018-03-23,"1,082.87"
2018-03-26,"1,074.69"
2018-03-27,"1,074.13"
2018-03-28,"1,063.55"
2018-03-29,"1,062.07"
2018-03-30,"1,060.25"
2018-04-02,"1,056.16"
2018-04-03,"1,053.94"
2018-04-04,"1,057.28"
2018-04-05,"1,061.63"
2018-04-06,"1,069.75"
2018-04-09,"1,068.71"
2018-04-10,"1,063.81"
2018-04-11,"1,065.82"
2018-04-12,"1,070.03"
2018-04-13,"1,070.68"
2018-04-16,"1,069.68"
2018-04-17,"1,066.11"
2018-04-18,"1,064.12"
2018-04-19,"1,066.21"
2018-04-20,"1,070.10"
2018-04-23,"1,080.20"
2018-04-24,"1,076.27"
2018-04-25,"1,081.21"
2018-04-26,"1,076.57"
2018-04-27,"1,066.73"
2018-04-30,"1,069.33"
2018-05-01,"1,072.48"
2018-05-02,"1,078.85"
2018-05-03,"1,074.56"
2018-05-04,"1,073.11"
2018-05-07,"1,079.03"
2018-05-08,"1,077.43"
2018-05-09,"1,078.38"
2018-05-10,"1,064.69"
2018-05-11,"1,066.89"
2018-05-14,"1,070.15"
2018-05-15,"1,080.01"
2018-05-16,"1,076.74"
2018-05-17,"1,081.81"
2018-05-18,"1,080.57"
2018-05-21,"1,076.55"
2018-05-22,"1,075.54"
2018-05-23,"1,076.25"
2018-05-24,"1,080.69"
2018-05-25,"1,077.37"
2018-05-28,"1,074.41"
2018-05-29,"1,083.37"
2018-05-30,"1,075.79"
2018-05-31,"1,079.59"
2018-06-01,"1,070.73"
2018-06-04,"1,069.33"
2018-06-05,"1,070.95"
2018-06-06,"1,066.05"
2018-06-07,"1,071.61"
2018-06-08,"1,073.93"
2018-06-11,"1,075.88"
2018-06-12,"1,080.83"
2018-06-13,"1,085.17"
2018-06-14,"1,088.15"
2018-06-15,"1,102.42"
2018-06-18,"1,102.51"
2018-06-19,"1,110.89"
2018-06-20,"1,108.98"
2018-06-21,"1,109.55"
2018-06-22,"1,111.00"
2018-06-25,"1,114.47"
2018-06-26,"1,117.51"
2018-06-27,"1,122.41"
2018-06-28,"1,120.51"
2018-06-29,"1,113.91"
2018-07-02,"1,117.88"
2018-07-03,"1,113.99"
2018-07-04,"1,115.25"
2018-07-05,"1,118.33"
2018-07-06,"1,114.69"
2018-07-09,"1,112.32"
2018-07-10,"1,113.43"
2018-07-11,"1,127.23"
2018-07-12,"1,123.58"
2018-07-13,"1,129.00"
2018-07-16,"1,127.64"
2018-07-17,"1,126.00"
2018-07-18,"1,130.16"
2018-07-19,"1,134.39"
2018-07-20,"1,126.90"
2018-07-23,"1,133.09"
2018-07-24,"1,126.41"
2018-07-25,"1,116.65"
2018-07-26,"1,123.38"
2018-07-27,"1,114.65"
2018-07-30,"1,117.63"
2018-07-31,"1,112.25"
2018-08-01,"1,118.49"
2018-08-02,"1,127.21"
2018-08-03,"1,122.34"
2018-08-06,"1,125.70"
2018-08-07,"1,116.94"
2018-08-08,"1,117.08"
2018-08-09,"1,122.40"
2018-08-10,"1,129.17"
2018-08-13,"1,136.00"
2018-08-14,"1,127.21"
2018-08-15,"1,132.97"
2018-08-16,"1,126.25"
2018-08-17,"1,119.52"
2018-08-20,"1,117.17"
2018-08-21,"1,116.43"
2018-08-22,"1,116.76"
2018-08-23,"1,123.62"
2018-08-24,"1,114.33"
2018-08-27,"1,107.80"
2018-08-28,"1,107.30"
2018-08-29,"1,109.64"
2018-08-30,"1,113.79"
2018-08-31,"1,115.46"
2018-09-03,"1,111.10"
2018-09-04,"1,117.36"
2018-09-05,"1,118.84"
2018-09-06,"1,121.88"
2018-09-07,"1,127.57"
2018-09-10,"1,128.60"
2018-09-11,"1,122.99"
2018-09-12,"1,119.25"
2018-09-13,"1,119.83"
2018-09-14,"1,120.66"
2018-09-17,"1,125.33"
2018-09-18,"1,121.82"
2018-09-19,"1,117.95"
2018-09-20,"1,116.13"
2018-09-21,"1,113.95"
2018-09-24,"1,119.12"
2018-09-25,"1,116.88"
2018-09-26,"1,115.37"
2018-09-27,"1,113.82"
2018-09-28,"1,109.98"
2018-10-01,"1,112.76"
2018-10-02,"1,118.33"
2018-10-03,"1,124.50"
2018-10-04,"1,132.53"
2018-10-05,"1,131.13"
2018-10-08,"1,133.63"
2018-10-09,"1,131.12"
2018-10-10,"1,142.30"
2018-10-11,"1,134.55"
2018-10-12,"1,130.30"
2018-10-15,"1,130.87"
2018-10-16,"1,123.07"
2018-10-17,"1,127.53"
2018-10-18,"1,137.60"
2018-10-19,"1,131.15"
2018-10-22,"1,132.25"
2018-10-23,"1,134.78"
2018-10-24,"1,138.86"
2018-10-25,"1,136.38"
2018-10-26,"1,139.28"
2018-10-29,"1,142.74"
2018-10-30,"1,138.69"
2018-10-31,"1,141.02"
2018-11-01,"1,124.16"
2018-11-02,"1,117.10"
2018-11-05,"1,119.56"
2018-11-06,"1,120.93"
2018-11-07,"1,115.43"
2018-11-08,"1,120.68"
2018-11-09,"1,129.69"
2018-11-12,"1,138.35"
2018-11-13,"1,131.34"
2018-11-14,"1,131.70"
2018-11-15,"1,126.93"
2018-11-16,"1,120.40"
2018-11-19,"1,125.02"
2018-11-20,"1,129.25"
2018-11-21,"1,127.12"
2018-11-22,"1,130.80"
2018-11-23,"1,132.50"
2018-11-26,"1,128.79"
2018-11-27,"1,129.51"
2018-11-28,"1,122.48"
2018-11-29,"1,116.55"
2018-11-30,"1,119.44"
2018-12-03,"1,108.54"
2018-12-04,"1,110.51"
2018-12-05,"1,113.16"
2018-12-06,"1,117.70"
2018-12-07,"1,123.85"
2018-12-10,"1,127.37"
2018-12-11,"1,128.53"
2018-12-12,"1,123.82"
2018-12-13,"1,124.55"
2018-12-14,"1,131.70"
2018-12-17,"1,128.20"
2018-12-18,"1,126.53"
2018-12-19,"1,128.71"
2018-12-20,"1,121.78"
2018-12-21,"1,128.04"
2018-12-24,"1,123.87"
2018-12-25,"1,124.10"
2018-12-26,"1,123.66"
2018-12-27,"1,119.08"
2018-12-28,"1,116.05"
2018-12-31,"1,113.30"
2019-01-01,"1,111.83"
2019-01-02,"1,119.12"
2019-01-03,"1,124.89"
2019-01-04,"1,115.85"
2019-01-07,"1,116.66"
2019-01-08,"1,121.83"
2019-01-09,"1,117.18"
2019-01-10,"1,116.79"
2019-01-11,"1,117.23"
2019-01-14,"1,120.80"
2019-01-15,"1,121.50"
2019-01-16,"1,119.78"
2019-01-17,"1,121.70"
2019-01-18,"1,125.08"
2019-01-21,"1,133.10"
2019-01-22,"1,130.77"
2019-01-23,"1,125.46"
2019-01-24,"1,127.75"
2019-01-25,"1,117.78"
2019-01-28,"1,117.87"
2019-01-29,"1,117.01"
2019-01-30,"1,110.04"
2019-01-31,"1,111.40"
2019-02-01,"1,118.40"
2019-02-04,"1,118.86"
2019-02-05,"1,116.27"
2019-02-06,"1,120.50"
2019-02-07,"1,123.81"
2019-02-08,"1,123.50"
2019-02-11,"1,124.99"
2019-02-12,"1,120.29"
2019-02-13,"1,124.59"
2019-02-14,"1,125.40"
2019-02-15,"1,125.44"
2019-02-18,"1,125.10"
2019-02-19,"1,121.92"
2019-02-20,"1,122.22"
2019-02-21,"1,124.63"
2019-02-22,"1,121.99"
2019-02-25,"1,115.06"
2019-02-26,"1,114.61"
2019-02-27,"1,117.22"
2019-02-28,"1,124.60"
2019-03-01,"1,126.67"
2019-03-04,"1,125.46"
2019-03-05,"1,124.81"
2019-03-06,"1,127.38"
2019-03-07,"1,133.87"
2019-03-08,"1,132.90"
2019-03-11,"1,130.77"
2019-03-12,"1,127.44"
2019-03-13,"1,129.50"
2019-03-14,"1,135.42"
2019-03-15,"1,134.70"
2019-03-18,"1,131.52"
2019-03-19,"1,129.96"
2019-03-20,"1,125.05"
2019-03-21,"1,127.41"
2019-03-22,"1,135.11"
2019-03-25,"1,131.86"
2019-03-26,"1,134.87"
2019-03-27,"1,138.24"
2019-03-28,"1,134.95"
2019-03-29,"1,136.10"
2019-04-01,"1,132.72"
2019-04-02,"1,136.92"
2019-04-03,"1,133.67"
2019-04-04,"1,135.83"
2019-04-05,"1,136.69"
2019-04-08,"1,141.98"
2019-04-09,"1,140.08"
2019-04-10,"1,136.97"
2019-04-11,"1,140.96"
2019-04-12,"1,133.72"
2019-04-15,"1,134.10"
2019-04-16,"1,136.69"
2019-04-17,"1,131.28"
2019-04-18,"1,136.61"
2019-04-19,"1,135.58"
2019-04-22,"1,139.99"
2019-04-23,"1,142.11"
2019-04-24,"1,155.05"
2019-04-25,"1,159.01"
2019-04-26,"1,157.90"
2019-04-29,"1,158.88"
2019-04-30,"1,163.25"
2019-05-01,"1,164.73"
2019-05-02,"1,166.16"
2019-05-03,"1,163.68"
2019-05-06,"1,168.15"
2019-05-07,"1,172.22"
2019-05-08,"1,172.10"
2019-05-09,"1,179.09"
2019-05-10,"1,174.20"
2019-05-13,"1,187.78"
2019-05-14,"1,186.82"
2019-05-15,"1,185.79"
2019-05-16,"1,191.33"
2019-05-17,"1,193.73"
2019-05-20,"1,194.23"
2019-05-21,"1,191.78"
2019-05-22,"1,190.37"
2019-05-23,"1,188.80"
2019-05-24,"1,184.77"
2019-05-27,"1,183.55"
2019-05-28,"1,187.94"
2019-05-29,"1,193.03"
2019-05-30,"1,188.73"
2019-05-31,"1,187.80"
2019-06-03,"1,178.92"
2019-06-04,"1,177.56"
2019-06-05,"1,179.84"
2019-06-06,"1,177.67"
2019-06-07,"1,181.07"
2019-06-10,"1,183.02"
2019-06-11,"1,178.21"
2019-06-12,"1,183.35"
2019-06-13,"1,182.32"
2019-06-14,"1,186.78"
2019-06-17,"1,185.55"
2019-06-18,"1,173.87"
2019-06-19,"1,171.48"
2019-06-20,"1,158.52"
2019-06-21,"1,158.20"
2019-06-24,"1,153.67"
2019-06-25,"1,155.17"
2019-06-26,"1,153.67"
2019-06-27,"1,157.00"
2019-06-28,"1,155.38"
2019-07-01,"1,160.77"
2019-07-02,"1,166.47"
2019-07-03,"1,169.72"
2019-07-04,"1,167.34"
2019-07-05,"1,174.59"
2019-07-08,"1,179.94"
2019-07-09,"1,182.22"
2019-07-10,"1,175.57"
2019-07-11,"1,174.16"
2019-07-12,"1,176.32"
2019-07-15,"1,179.41"
2019-07-16,"1,179.21"
2019-07-17,"1,179.62"
2019-07-18,"1,171.78"
2019-07-19,"1,175.11"
2019-07-22,"1,175.87"
2019-07-23,"1,178.89"
2019-07-24,"1,177.41"
2019-07-25,"1,183.16"
2019-07-26,"1,183.24"
2019-07-29,"1,182.71"
2019-07-30,"1,181.14"
2019-07-31,"1,187.32"
2019-08-01,"1,195.38"
2019-08-02,"1,204.51"
2019-08-05,"1,217.33"
2019-08-06,"1,212.43"
2019-08-07,"1,212.87"
2019-08-08,"1,207.08"
2019-08-09,"1,213.45"
2019-08-12,"1,218.14"
2019-08-13,"1,205.64"
2019-08-14,"1,215.86"
2019-08-15,"1,212.33"
2019-08-16,"1,207.47"
2019-08-19,"1,211.62"
2019-08-20,"1,205.40"
2019-08-21,"1,201.44"
2019-08-22,"1,209.42"
2019-08-23,"1,212.66"
2019-08-26,"1,211.74"
2019-08-27,"1,211.74"
2019-08-28,"1,212.29"
2019-08-29,"1,208.12"
2019-08-30,"1,209.50"
2019-09-02,"1,213.61"
2019-09-03,"1,210.54"
2019-09-04,"1,203.63"
2019-09-05,"1,197.52"
2019-09-06,"1,191.77"
2019-09-09,"1,191.93"
2019-09-10,"1,191.35"
2019-09-11,"1,189.68"
2019-09-12,"1,181.44"
2019-09-13,"1,178.72"
2019-09-16,"1,184.02"
2019-09-17,"1,186.62"
2019-09-18,"1,190.73"
2019-09-19,"1,194.35"
2019-09-20,"1,193.13"
2019-09-23,"1,194.04"
2019-09-24,"1,194.53"
2019-09-25,"1,198.82"
2019-09-26,"1,199.46"
2019-09-27,"1,201.99"
2019-09-30,"1,198.09"
2019-10-01,"1,202.37"
2019-10-02,"1,204.37"
2019-10-03,"1,200.89"
2019-10-04,"1,191.25"
2019-10-07,"1,196.33"
2019-10-08,"1,199.02"
2019-10-09,"1,197.50"
2019-10-10,"1,189.46"
2019-10-11,"1,182.48"
2019-10-14,"1,183.70"
2019-10-15,"1,184.79"
2019-10-16,"1,185.51"
2019-10-17,"1,178.60"
2019-10-18,"1,177.91"
2019-10-21,"1,172.33"
2019-10-22,"1,172.09"
2019-10-23,"1,169.67"
2019-10-24,"1,175.12"
2019-10-25,"1,171.66"
2019-10-28,"1,167.61"
2019-10-29,"1,167.39"
2019-10-30,"1,164.41"
2019-10-31,"1,169.24"
2019-11-01,"1,164.67"
2019-11-04,"1,162.79"
2019-11-05,"1,155.82"
2019-11-06,"1,160.41"
2019-11-07,"1,154.31"
2019-11-08,"1,158.60"
2019-11-11,"1,164.45"
2019-11-12,"1,165.53"
2019-11-13,"1,171.09"
2019-11-14,"1,168.08"
2019-11-15,"1,162.65"
2019-11-18,"1,166.23"
2019-11-19,"1,167.35"
2019-11-20,"1,169.82"
2019-11-21,"1,176.45"
2019-11-22,"1,179.33"
2019-11-25,"1,172.90"
2019-11-26,"1,172.42"
2019-11-27,"1,175.97"
2019-11-28,"1,178.09"
2019-11-29,"1,180.70"
2019-12-02,"1,184.78"
2019-12-03,"1,189.36"
2019-12-04,"1,191.15"
2019-12-05,"1,187.92"
2019-12-06,"1,185.51"
2019-12-09,"1,189.55"
2019-12-10,"1,189.49"
2019-12-11,"1,188.61"
2019-12-12,"1,171.89"
2019-12-13,"1,175.57"
2019-12-16,"1,167.48"
2019-12-17,"1,163.15"
2019-12-18,"1,166.57"
2019-12-19,"1,162.27"
2019-12-20,"1,158.99"
2019-12-23,"1,163.04"
2019-12-24,"1,162.52"
2019-12-25,"1,159.76"
2019-12-26,"1,161.30"
2019-12-27,"1,158.95"
2019-12-30,"1,156.97"
2019-12-31,"1,154.07"
2020-01-01,"1,154.02"
2020-01-02,"1,157.35"
2020-01-03,"1,164.95"
2020-01-06,"1,166.94"
2020-01-07,"1,167.30"
2020-01-08,"1,162.25"
2020-01-09,"1,158.72"
2020-01-10,"1,157.97"
2020-01-13,"1,153.95"
2020-01-14,"1,157.20"
2020-01-15,"1,157.91"
2020-01-16,"1,159.73"
2020-01-17,"1,160.44"
2020-01-20,"1,158.61"
2020-01-21,"1,169.01"
2020-01-22,"1,164.76"
2020-01-23,"1,168.54"
2020-01-24,"1,169.20"
2020-01-27,"1,176.70"
2020-01-28,"1,175.71"
2020-01-29,"1,178.68"
2020-01-30,"1,187.64"
2020-01-31,"1,194.97"
2020-02-03,"1,189.79"
2020-02-04,"1,182.90"
2020-02-05,"1,183.40"
2020-02-06,"1,185.28"
2020-02-07,"1,191.39"
2020-02-10,"1,187.17"
2020-02-11,"1,181.25"
2020-02-12,"1,178.51"
2020-02-13,"1,183.58"
2020-02-14,"1,182.46"
2020-02-17,"1,185.25"
2020-02-18,"1,190.95"
2020-02-19,"1,192.50"
2020-02-20,"1,204.71"
2020-02-21,"1,206.91"
2020-02-24,"1,219.08"
2020-02-25,"1,215.54"
2020-02-26,"1,212.31"
2020-02-27,"1,212.63"
2020-02-28,"1,200.20"
2020-03-02,"1,189.61"
2020-03-03,"1,180.50"
2020-03-04,"1,184.73"
2020-03-05,"1,188.72"
2020-03-06,"1,188.70"
2020-03-09,"1,200.88"
2020-03-10,"1,185.60"
2020-03-11,"1,192.57"
2020-03-12,"1,210.71"
2020-03-13,"1,211.28"
2020-03-16,"1,232.37"
2020-03-17,"1,239.72"
2020-03-18,"1,256.46"
2020-03-19,"1,257.86"
2020-03-20,"1,254.45"
2020-03-23,"1,272.50"
2020-03-24,"1,233.21"
2020-03-25,"1,232.00"
2020-03-26,"1,212.90"
2020-03-27,"1,212.23"
2020-03-30,"1,224.21"
2020-03-31,"1,218.30"
2020-04-01,"1,236.20"
2020-04-02,"1,227.35"
2020-04-03,"1,235.61"
2020-04-06,"1,224.60"
2020-04-07,"1,214.93"
2020-04-08,"1,215.76"
2020-04-09,"1,210.58"
2020-04-10,"1,211.05"
2020-04-13,"1,215.46"
2020-04-14,"1,212.46"
2020-04-15,"1,224.68"
2020-04-16,"1,228.94"
2020-04-17,"1,216.13"
2020-04-20,"1,220.58"
2020-04-21,"1,232.56"
2020-04-22,"1,233.55"
2020-04-23,"1,233.04"
2020-04-24,"1,230.53"
2020-04-27,"1,222.05"
2020-04-28,"1,221.31"
2020-04-29,"1,210.99"
2020-04-30,"1,212.94"
2020-05-01,"1,224.89"
2020-05-04,"1,224.14"
2020-05-05,"1,222.47"
2020-05-06,"1,228.55"
2020-05-07,"1,219.61"
2020-05-08,"1,219.65"
2020-05-11,"1,222.91"
2020-05-12,"1,226.64"
2020-05-13,"1,227.37"
2020-05-14,"1,227.03"
2020-05-15,"1,232.69"
2020-05-18,"1,225.13"
2020-05-19,"1,225.04"
2020-05-20,"1,227.26"
2020-05-21,"1,233.19"
2020-05-22,"1,240.59"
2020-05-25,"1,240.45"
2020-05-26,"1,230.90"
2020-05-27,"1,238.19"
2020-05-28,"1,237.97"
2020-05-29,"1,231.49"
2020-06-01,"1,222.92"
2020-06-02,"1,219.62"
2020-06-03,"1,215.79"
2020-06-04,"1,216.39"
2020-06-05,"1,202.02"
2020-06-08,"1,195.35"
2020-06-09,"1,198.40"
2020-06-10,"1,190.67"
2020-06-11,"1,206.10"
2020-06-12,"1,203.66"
2020-06-15,"1,208.55"
2020-06-16,"1,211.79"
2020-06-17,"1,215.41"
2020-06-18,"1,212.50"
2020-06-19,"1,211.83"
2020-06-22,"1,209.41"
2020-06-23,"1,207.46"
2020-06-24,"1,206.08"
2020-06-25,"1,202.21"
2020-06-26,"1,203.80"
2020-06-29,"1,199.16"
2020-06-30,"1,199.28"
2020-07-01,"1,201.51"
2020-07-02,"1,198.75"
2020-07-03,"1,198.93"
2020-07-06,"1,191.92"
2020-07-07,"1,196.75"
2020-07-08,"1,192.05"
2020-07-09,"1,196.98"
2020-07-10,"1,200.42"
2020-07-13,"1,203.37"
2020-07-14,"1,204.89"
2020-07-15,"1,200.50"
2020-07-16,"1,205.11"
2020-07-17,"1,203.44"
2020-07-20,"1,200.90"
2020-07-21,"1,193.92"
2020-07-22,"1,197.22"
2020-07-23,"1,201.45"
2020-07-24,"1,201.50"
2020-07-27,"1,195.57"
2020-07-28,"1,199.46"
2020-07-29,"1,189.79"
2020-07-30,"1,189.62"
2020-07-31,"1,193.59"
2020-08-03,"1,192.59"
2020-08-04,"1,193.20"
2020-08-05,"1,186.05"
2020-08-06,"1,183.50"
2020-08-07,"1,188.68"
2020-08-10,"1,185.58"
2020-08-11,"1,185.62"
2020-08-12,"1,183.23"
2020-08-13,"1,184.92"
2020-08-14,"1,186.94"
2020-08-17,"1,183.19"
2020-08-18,"1,182.70"
2020-08-19,"1,181.74"
2020-08-20,"1,185.24"
2020-08-21,"1,191.72"
2020-08-24,"1,188.66"
2020-08-25,"1,187.35"
2020-08-26,"1,184.39"
2020-08-27,"1,187.44"
2020-08-28,"1,180.48"
2020-08-31,"1,187.94"
2020-09-01,"1,185.45"
2020-09-02,"1,189.13"
2020-09-03,"1,191.48"
2020-09-04,"1,187.30"
2020-09-07,"1,187.27"
2020-09-08,"1,190.10"
2020-09-09,"1,184.79"
2020-09-10,"1,188.11"
2020-09-11,"1,187.89"
2020-09-14,"1,181.51"
2020-09-15,"1,179.76"
2020-09-16,"1,172.88"
2020-09-17,"1,169.20"
2020-09-18,"1,164.81"
2020-09-21,"1,163.61"
2020-09-22,"1,163.61"
2020-09-23,"1,170.65"
2020-09-24,"1,169.10"
2020-09-25,"1,174.32"
2020-09-28,"1,166.85"
2020-09-29,"1,168.73"
2020-09-30,"1,164.65"
2020-10-01,"1,162.83"
2020-10-02,"1,166.26"
2020-10-05,"1,157.12"
2020-10-06,"1,164.37"
2020-10-07,"1,157.26"
2020-10-08,"1,151.11"
2020-10-09,"1,143.52"
2020-10-12,"1,147.79"
2020-10-13,"1,148.30"
2020-10-14,"1,147.14"
2020-10-15,"1,145.14"
2020-10-16,"1,142.13"
2020-10-19,"1,140.06"
2020-10-20,"1,138.39"
2020-10-21,"1,132.54"
2020-10-22,"1,134.74"
2020-10-23,"1,127.95"
2020-10-26,"1,132.44"
2020-10-27,"1,129.21"
2020-10-28,"1,134.93"
2020-10-29,"1,130.06"
2020-10-30,"1,136.49"
2020-11-02,"1,132.95"
2020-11-03,"1,131.32"
2020-11-04,"1,127.65"
2020-11-05,"1,122.88"
2020-11-06,"1,121.40"
2020-11-09,"1,119.06"
2020-11-10,"1,117.07"
2020-11-11,"1,112.39"
2020-11-12,"1,114.86"
2020-11-13,"1,107.62"
2020-11-16,"1,107.04"
2020-11-17,"1,105.38"
2020-11-18,"1,106.17"
2020-11-19,"1,113.59"
2020-11-20,"1,114.95"
2020-11-23,"1,113.51"
2020-11-24,"1,110.24"
2020-11-25,"1,106.21"
2020-11-26,"1,105.57"
2020-11-27,"1,104.43"
2020-11-30,"1,109.32"
2020-12-01,"1,105.73"
2020-12-02,"1,100.02"
2020-12-03,"1,092.08"
2020-12-04,"1,083.77"
2020-12-07,"1,083.53"
2020-12-08,"1,084.86"
2020-12-09,"1,086.48"
2020-12-10,"1,085.55"
2020-12-11,"1,091.67"
2020-12-14,"1,093.07"
2020-12-15,"1,089.43"
2020-12-16,"1,092.36"
2020-12-17,"1,093.01"
2020-12-18,"1,099.39"
2020-12-21,"1,102.55"
2020-12-22,"1,109.72"
2020-12-23,"1,106.65"
2020-12-24,"1,101.59"
2020-12-25,"1,099.07"
2020-12-28,"1,095.60"
2020-12-29,"1,090.97"
2020-12-30,"1,087.62"
2020-12-31,"1,084.47"
2021-01-01,"1,084.73"
2021-01-04,"1,086.48"
2021-01-05,"1,086.42"
2021-01-06,"1,087.93"
2021-01-07,"1,094.28"
2021-01-08,"1,092.93"
2021-01-11,"1,097.23"
2021-01-12,"1,094.48"
2021-01-13,"1,097.12"
2021-01-14,"1,095.88"
2021-01-15,"1,103.27"
2021-01-18,"1,102.52"
2021-01-19,"1,101.44"
2021-01-20,"1,096.35"
2021-01-21,"1,099.88"
2021-01-22,"1,105.41"
2021-01-25,"1,102.58"
2021-01-26,"1,101.02"
2021-01-27,"1,108.38"
2021-01-28,"1,112.52"
2021-01-29,"1,117.64"
2021-02-01,"1,116.51"
2021-02-02,"1,115.37"
2021-02-03,"1,113.46"
2021-02-04,"1,120.00"
2021-02-05,"1,116.77"
2021-02-08,"1,115.61"
2021-02-09,"1,110.88"
2021-02-10,"1,105.48"
2021-02-11,"1,102.12"
2021-02-12,"1,102.59"
2021-02-15,"1,101.31"
2021-02-16,"1,106.58"
2021-02-17,"1,105.61"
2021-02-18,"1,106.96"
2021-02-19,"1,104.27"
2021-02-22,"1,111.59"
2021-02-23,"1,110.13"
2021-02-24,"1,107.27"
2021-02-25,"1,118.77"
2021-02-26,"1,123.89"
2021-03-01,"1,113.33"
2021-03-02,"1,125.01"
2021-03-03,"1,126.05"
2021-03-04,"1,130.87"
2021-03-05,"1,128.00"
2021-03-08,"1,140.83"
2021-03-09,"1,134.91"
2021-03-10,"1,135.91"
2021-03-11,"1,130.35"
2021-03-12,"1,136.00"
2021-03-15,"1,132.35"
2021-03-16,"1,129.00"
2021-03-17,"1,121.21"
2021-03-18,"1,127.75"
2021-03-19,"1,129.12"
2021-03-22,"1,126.00"
2021-03-23,"1,132.90"
2021-03-24,"1,134.90"
2021-03-25,"1,135.12"
2021-03-26,"1,128.52"
2021-03-29,"1,131.56"
2021-03-30,"1,132.59"
2021-03-31,"1,127.17"
2021-04-01,"1,128.72"
2021-04-02,"1,128.64"
2021-04-05,"1,124.18"
2021-04-06,"1,119.17"
2021-04-07,"1,119.03"
2021-04-08,"1,115.83"
2021-04-09,"1,120.98"
2021-04-12,"1,124.32"
2021-04-13,"1,121.37"
2021-04-14,"1,116.08"
2021-04-15,"1,116.68"
2021-04-16,"1,116.50"
2021-04-19,"1,115.33"
2021-04-20,"1,117.28"
2021-04-21,"1,116.35"
2021-04-22,"1,118.79"
2021-04-23,"1,114.72"
2021-04-26,"1,110.27"
2021-04-27,"1,113.33"
2021-04-28,"1,109.88"
2021-04-29,"1,107.63"
2021-04-30,"1,117.16"
2021-05-03,"1,120.34"
2021-05-04,"1,125.77"
2021-05-05,"1,124.72"
2021-05-06,"1,120.28"
2021-05-07,"1,111.23"
2021-05-10,"1,116.68"
2021-05-11,"1,119.58"
2021-05-12,"1,132.73"
2021-05-13,"1,126.73"
2021-05-14,"1,125.79"
2021-05-17,"1,136.73"
2021-05-18,"1,126.93"
2021-05-19,"1,131.18"
2021-05-20,"1,127.66"
2021-05-21,"1,127.63"
2021-05-24,"1,123.48"
2021-05-25,"1,122.36"
2021-05-26,"1,116.61"
2021-05-27,"1,118.55"
2021-05-28,"1,113.08"
2021-05-31,"1,106.58"
2021-06-01,"1,108.38"
2021-06-02,"1,110.92"
2021-06-03,"1,116.46"
2021-06-04,"1,110.52"
2021-06-07,"1,110.62"
2021-06-08,"1,117.72"
2021-06-09,"1,115.61"
2021-06-10,"1,112.32"
2021-06-11,"1,116.40"
2021-06-14,"1,116.33"
2021-06-15,"1,117.09"
2021-06-16,"1,132.68"
2021-06-17,"1,134.30"
2021-06-18,"1,134.94"
2021-06-21,"1,131.40"
2021-06-22,"1,133.57"
2021-06-23,"1,135.85"
2021-06-24,"1,130.78"
2021-06-25,"1,127.12"
2021-06-28,"1,130.04"
2021-06-29,"1,131.62"
2021-06-30,"1,130.48"
2021-07-01,"1,134.33"
2021-07-02,"1,130.53"
2021-07-05,"1,130.42"
2021-07-06,"1,136.75"
2021-07-07,"1,141.50"
2021-07-08,"1,146.59"
2021-07-09,"1,143.73"
2021-07-12,"1,146.85"
2021-07-13,"1,149.94"
2021-07-14,"1,144.22"
2021-07-15,"1,141.59"
2021-07-16,"1,141.51"
2021-07-19,"1,150.83"
2021-07-20,"1,147.47"
2021-07-21,"1,149.31"
2021-07-22,"1,150.55"
2021-07-23,"1,151.52"
2021-07-26,"1,152.54"
2021-07-27,"1,154.25"
2021-07-28,"1,150.27"
2021-07-29,"1,143.12"
2021-07-30,"1,151.41"
2021-08-02,"1,150.18"
2021-08-03,"1,148.44"
2021-08-04,"1,144.76"
2021-08-05,"1,142.59"
2021-08-06,"1,144.93"
2021-08-09,"1,146.89"
2021-08-10,"1,152.70"
2021-08-11,"1,153.98"
2021-08-12,"1,162.98"
2021-08-13,"1,161.37"
2021-08-16,"1,165.28"
2021-08-17,"1,177.30"
2021-08-18,"1,170.03"
2021-08-19,"1,176.28"
2021-08-20,"1,175.15"
2021-08-23,"1,169.36"
2021-08-24,"1,163.65"
2021-08-25,"1,163.87"
2021-08-26,"1,170.53"
2021-08-27,"1,161.23"
2021-08-30,"1,164.34"
2021-08-31,"1,158.73"
2021-09-01,"1,155.47"
2021-09-02,"1,158.05"
2021-09-03,"1,154.28"
2021-09-06,"1,157.04"
2021-09-07,"1,161.98"
2021-09-08,"1,166.54"
2021-09-09,"1,169.64"
2021-09-10,"1,170.23"
2021-09-13,"1,172.83"
2021-09-14,"1,172.23"
2021-09-15,"1,166.23"
2021-09-16,"1,175.19"
2021-09-17,"1,180.69"
2021-09-20,"1,185.67"
2021-09-21,"1,183.96"
2021-09-22,"1,181.75"
2021-09-23,"1,174.63"
2021-09-24,"1,179.68"
2021-09-27,"1,177.94"
2021-09-28,"1,187.16"
2021-09-29,"1,187.11"
2021-09-30,"1,184.23"
2021-10-01,"1,180.35"
2021-10-04,"1,184.12"
2021-10-05,"1,186.48"
2021-10-06,"1,190.21"
2021-10-07,"1,190.88"
2021-10-08,"1,196.79"
2021-10-11,"1,195.30"
2021-10-12,"1,197.29"
2021-10-13,"1,186.18"
2021-10-14,"1,181.69"
2021-10-15,"1,182.07"
2021-10-18,"1,185.47"
2021-10-19,"1,175.13"
2021-10-20,"1,175.63"
2021-10-21,"1,177.78"
2021-10-22,"1,177.48"
2021-10-25,"1,168.02"
2021-10-26,"1,167.95"
2021-10-27,"1,172.05"
2021-10-28,"1,168.44"
2021-10-29,"1,174.47"
2021-11-01,"1,177.45"
2021-11-02,"1,178.48"
2021-11-03,"1,178.78"
2021-11-04,"1,185.75"
2021-11-05,"1,181.05"
2021-11-08,"1,180.84"
2021-11-09,"1,178.40"
2021-11-10,"1,185.04"
2021-11-11,"1,182.39"
2021-11-12,"1,179.20"
2021-11-15,"1,183.42"
2021-11-16,"1,183.85"
2021-11-17,"1,180.46"
2021-11-18,"1,182.37"
2021-11-19,"1,187.10"
2021-11-22,"1,190.08"
2021-11-23,"1,189.08"
2021-11-24,"1,188.77"
2021-11-25,"1,190.16"
2021-11-26,"1,194.43"
2021-11-29,"1,190.69"
2021-11-30,"1,182.71"
2021-12-01,"1,176.93"
2021-12-02,"1,176.74"
2021-12-03,"1,180.00"
2021-12-06,"1,180.54"
2021-12-07,"1,176.73"
2021-12-08,"1,175.19"
2021-12-09,"1,178.15"
2021-12-10,"1,180.86"
2021-12-13,"1,184.91"
2021-12-14,"1,185.19"
2021-12-15,"1,184.57"
2021-12-16,"1,186.29"
2021-12-17,"1,187.70"
2021-12-20,"1,189.53"
2021-12-21,"1,190.67"
2021-12-22,"1,190.21"
2021-12-23,"1,185.55"
2021-12-24,"1,185.99"
2021-12-27,"1,185.61"
2021-12-28,"1,188.09"
2021-12-29,"1,184.70"
2021-12-30,"1,189.36"
2021-12-31,"1,187.96"
2022-01-03,"1,193.00"
2022-01-04,"1,197.49"
2022-01-05,"1,198.20"
2022-01-06,"1,204.95"
2022-01-07,"1,197.63"
2022-01-10,"1,198.04"
2022-01-11,"1,192.31"
2022-01-12,"1,185.87"
2022-01-13,"1,186.11"
2022-01-14,"1,190.07"
2022-01-17,"1,189.99"
2022-01-18,"1,192.69"
2022-01-19,"1,188.13"
2022-01-20,"1,192.42"
2022-01-21,"1,192.51"
2022-01-24,"1,195.59"
2022-01-25,"1,196.35"
2022-01-26,"1,197.03"
2022-01-27,"1,203.77"
2022-01-28,"1,209.56"
2022-01-31,"1,204.63"
2022-02-01,"1,202.31"
2022-02-02,"1,199.46"
2022-02-03,"1,199.47"
2022-02-04,"1,198.25"
2022-02-07,"1,196.87"
2022-02-08,"1,196.35"
2022-02-09,"1,194.05"
2022-02-10,"1,199.83"
2022-02-11,"1,199.48"
2022-02-14,"1,197.32"
2022-02-15,"1,196.76"
2022-02-16,"1,196.53"
2022-02-17,"1,198.63"
2022-02-18,"1,195.59"
2022-02-21,"1,193.68"
2022-02-22,"1,191.90"
2022-02-23,"1,192.44"
2022-02-24,"1,206.05"
2022-02-25,"1,197.57"
2022-02-28,"1,200.12"
2022-03-01,"1,205.32"
2022-03-02,"1,203.16"
2022-03-03,"1,205.54"
2022-03-04,"1,217.45"
2022-03-07,"1,232.14"
2022-03-08,"1,233.53"
2022-03-09,"1,223.13"
2022-03-10,"1,228.83"
2022-03-11,"1,237.08"
2022-03-14,"1,240.64"
2022-03-15,"1,240.62"
2022-03-16,"1,225.35"
2022-03-17,"1,209.89"
2022-03-18,"1,211.15"
2022-03-21,"1,217.55"
2022-03-22,"1,215.07"
2022-03-23,"1,218.62"
2022-03-24,"1,219.58"
2022-03-25,"1,225.08"
2022-03-28,"1,223.65"
2022-03-29,"1,207.35"
2022-03-30,"1,210.31"
2022-03-31,"1,214.17"
2022-04-01,"1,219.73"
2022-04-04,"1,213.75"
2022-04-05,"1,218.22"
2022-04-06,"1,217.48"
2022-04-07,"1,222.55"
2022-04-08,"1,229.19"
2022-04-11,"1,234.32"
2022-04-12,"1,228.08"
2022-04-13,"1,223.23"
2022-04-14,"1,230.15"
2022-04-15,"1,228.19"
2022-04-18,"1,235.22"
2022-04-19,"1,239.53"
2022-04-20,"1,233.66"
2022-04-21,"1,242.81"
2022-04-22,"1,244.11"
2022-04-25,"1,250.10"
2022-04-26,"1,260.67"
2022-04-27,"1,266.27"
2022-04-28,"1,272.11"
2022-04-29,"1,263.03"
2022-05-02,"1,267.51"
2022-05-03,"1,260.35"
2022-05-04,"1,251.51"
2022-05-05,"1,269.20"
2022-05-06,"1,269.99"
2022-05-09,"1,274.28"
2022-05-10,"1,276.48"
2022-05-11,"1,279.03"
2022-05-12,"1,290.72"
2022-05-13,"1,278.45"
2022-05-16,"1,280.38"
2022-05-17,"1,266.50"
2022-05-18,"1,275.33"
2022-05-19,"1,262.61"
2022-05-20,"1,273.59"
2022-05-23,"1,257.88"
2022-05-24,"1,261.03"
2022-05-25,"1,266.41"
2022-05-26,"1,260.02"
2022-05-27,"1,251.99"
2022-05-30,"1,234.85"
2022-05-31,"1,242.26"
2022-06-01,"1,246.89"
2022-06-02,"1,240.32"
2022-06-03,"1,250.58"
2022-06-06,"1,254.45"
2022-06-07,"1,254.36"
2022-06-08,"1,256.81"
2022-06-09,"1,264.04"
2022-06-10,"1,279.32"
2022-06-13,"1,291.68"
2022-06-14,"1,289.57"
2022-06-15,"1,277.90"
2022-06-16,"1,288.23"
2022-06-17,"1,291.26"
2022-06-20,"1,291.54"
2022-06-21,"1,291.72"
2022-06-22,"1,297.58"
2022-06-23,"1,299.81"
2022-06-24,"1,288.89"
2022-06-27,"1,286.31"
2022-06-28,"1,292.06"
2022-06-29,"1,301.90"
2022-06-30,"1,287.51"
2022-07-01,"1,298.67"
2022-07-04,"1,295.87"
2022-07-05,"1,308.95"
2022-07-06,"1,304.79"
2022-07-07,"1,297.62"
2022-07-08,"1,294.68"
2022-07-11,"1,310.81"
2022-07-12,"1,305.21"
2022-07-13,"1,304.73"
2022-07-14,"1,316.41"
2022-07-15,"1,317.74"
2022-07-18,"1,318.30"
2022-07-19,"1,305.12"
2022-07-20,"1,313.10"
2022-07-21,"1,306.16"
2022-07-22,"1,310.01"
2022-07-25,"1,311.12"
2022-07-26,"1,310.10"
2022-07-27,"1,306.08"
2022-07-28,"1,295.47"
2022-07-29,"1,302.97"
2022-08-01,"1,307.33"
2022-08-02,"1,311.82"
2022-08-03,"1,307.82"
2022-08-04,"1,302.41"
2022-08-05,"1,302.24"
2022-08-08,"1,299.10"
2022-08-09,"1,306.14"
2022-08-10,"1,297.33"
2022-08-11,"1,305.14"
2022-08-12,"1,301.31"
2022-08-15,"1,310.52"
2022-08-16,"1,311.04"
2022-08-17,"1,314.88"
2022-08-18,"1,326.84"
2022-08-19,"1,335.61"
2022-08-22,"1,343.43"
2022-08-23,"1,339.17"
2022-08-24,"1,340.60"
2022-08-25,"1,334.32"
2022-08-26,"1,341.81"
2022-08-29,"1,345.62"
2022-08-30,"1,349.77"
2022-08-31,"1,341.19"
2022-09-01,"1,355.82"
2022-09-02,"1,361.15"
2022-09-05,"1,369.39"
2022-09-06,"1,377.07"
2022-09-07,"1,377.11"
2022-09-08,"1,384.55"
2022-09-09,"1,379.77"
2022-09-12,"1,374.63"
2022-09-13,"1,394.68"
2022-09-14,"1,391.01"
2022-09-15,"1,398.41"
2022-09-16,"1,384.77"
2022-09-19,"1,390.08"
2022-09-20,"1,392.50"
2022-09-21,"1,397.71"
2022-09-22,"1,404.23"
2022-09-23,"1,421.34"
2022-09-26,"1,430.19"
2022-09-27,"1,426.32"
2022-09-28,"1,424.48"
2022-09-29,"1,429.99"
2022-09-30,"1,439.96"
2022-10-03,"1,433.45"
2022-10-04,"1,415.53"
2022-10-05,"1,415.63"
2022-10-06,"1,408.31"
2022-10-07,"1,424.94"
2022-10-10,"1,427.61"
2022-10-11,"1,431.42"
2022-10-12,"1,424.49"
2022-10-13,"1,430.69"
2022-10-14,"1,440.44"
2022-10-17,"1,430.71"
2022-10-18,"1,425.02"
2022-10-19,"1,434.88"
2022-10-20,"1,430.20"
2022-10-21,"1,428.32"
2022-10-24,"1,444.63"
2022-10-25,"1,426.92"
2022-10-26,"1,412.52"
2022-10-27,"1,421.23"
2022-10-28,"1,421.66"
2022-10-31,"1,425.83"
2022-11-01,"1,416.73"
2022-11-02,"1,412.45"
2022-11-03,"1,423.70"
2022-11-04,"1,403.29"
2022-11-07,"1,392.44"
2022-11-08,"1,375.03"
2022-11-09,"1,371.13"
2022-11-10,"1,349.82"
2022-11-11,"1,313.69"
2022-11-14,"1,323.87"
2022-11-15,"1,316.21"
2022-11-16,"1,336.65"
2022-11-17,"1,342.65"
2022-11-18,"1,339.71"
2022-11-21,"1,359.30"
2022-11-22,"1,352.65"
2022-11-23,"1,336.85"
2022-11-24,"1,326.69"
2022-11-25,"1,334.48"
2022-11-28,"1,339.75"
2022-11-29,"1,325.36"
2022-11-30,"1,301.65"
2022-12-01,"1,304.23"
2022-12-02,"1,297.89"
2022-12-05,"1,305.49"
2022-12-06,"1,319.79"
2022-12-07,"1,314.38"
2022-12-08,"1,315.83"
2022-12-09,"1,303.87"
2022-12-12,"1,306.08"
2022-12-13,"1,289.13"
2022-12-14,"1,295.42"
2022-12-15,"1,318.51"
2022-12-16,"1,309.47"
2022-12-19,"1,301.29"
2022-12-20,"1,283.71"
2022-12-21,"1,279.21"
2022-12-22,"1,291.64"
2022-12-23,"1,279.55"
2022-12-26,"1,273.91"
2022-12-27,"1,271.79"
2022-12-28,"1,274.37"
2022-12-29,"1,260.85"
2022-12-30,"1,260.92"
2023-01-02,"1,269.03"
2023-01-03,"1,279.10"
2023-01-04,"1,270.98"
2023-01-05,"1,274.26"
2023-01-06,"1,253.50"
2023-01-09,"1,239.28"
2023-01-10,"1,240.80"
2023-01-11,"1,242.50"
2023-01-12,"1,239.12"
2023-01-13,"1,237.26"
2023-01-16,"1,241.61"
2023-01-17,"1,237.34"
2023-01-18,"1,237.69"
2023-01-19,"1,232.21"
2023-01-20,"1,228.86"
2023-01-23,"1,229.97"
2023-01-24,"1,232.57"
2023-01-25,"1,232.57"
2023-01-26,"1,231.84"
2023-01-27,"1,229.62"
2023-01-30,"1,231.46"
2023-01-31,"1,233.30"
2023-02-01,"1,222.28"
2023-02-02,"1,224.78"
2023-02-03,"1,247.46"
2023-02-06,"1,260.25"
2023-02-07,"1,255.68"
2023-02-08,"1,260.46"
2023-02-09,"1,264.44"
2023-02-10,"1,267.45"
2023-02-13,"1,272.89"
2023-02-14,"1,272.53"
2023-02-15,"1,283.54"
2023-02-16,"1,289.51"
2023-02-17,"1,295.87"
2023-02-20,"1,296.04"
2023-02-21,"1,305.75"
2023-02-22,"1,302.65"
2023-02-23,"1,297.89"
2023-02-24,"1,314.45"
2023-02-27,"1,317.40"
2023-02-28,"1,323.02"
2023-03-01,"1,305.41"
2023-03-02,"1,310.97"
2023-03-03,"1,295.73"
2023-03-06,"1,296.86"
2023-03-07,"1,318.29"
2023-03-08,"1,316.38"
2023-03-09,"1,325.51"
2023-03-10,"1,320.24"
2023-03-13,"1,296.58"
2023-03-14,"1,304.55"
2023-03-15,"1,313.04"
2023-03-16,"1,300.85"
2023-03-17,"1,308.37"
2023-03-20,"1,304.36"
2023-03-21,"1,303.42"
2023-03-22,"1,297.85"
2023-03-23,"1,286.23"
2023-03-24,"1,294.66"
2023-03-27,"1,297.92"
2023-03-28,"1,297.04"
2023-03-29,"1,305.30"
2023-03-30,"1,296.55"
2023-03-31,"1,306.11"
2023-04-03,"1,308.58"
2023-04-04,"1,310.08"
2023-04-05,"1,317.05"
2023-04-06,"1,318.50"
2023-04-07,"1,316.30"
2023-04-10,"1,320.62"
2023-04-11,"1,322.03"
2023-04-12,"1,322.63"
2023-04-13,"1,301.14"
2023-04-14,"1,304.00"
2023-04-17,"1,319.11"
2023-04-18,"1,319.13"
2023-04-19,"1,329.71"
2023-04-20,"1,323.61"
2023-04-21,"1,329.36"
2023-04-24,"1,332.51"
2023-04-25,"1,340.89"
2023-04-26,"1,338.01"
2023-04-27,"1,339.17"
2023-04-28,"1,337.78"
2023-05-01,"1,342.18"
2023-05-02,"1,342.21"
2023-05-03,"1,334.44"
2023-05-04,"1,322.95"
2023-05-05,"1,317.47"
2023-05-08,"1,321.49"
2023-05-09,"1,325.92"
2023-05-10,"1,317.76"
2023-05-11,"1,330.83"
2023-05-12,"1,342.41"
2023-05-15,"1,335.36"
2023-05-16,"1,342.35"
2023-05-17,"1,334.23"
2023-05-18,"1,334.43"
2023-05-19,"1,325.20"
2023-05-22,"1,313.75"
2023-05-23,"1,319.21"
2023-05-24,"1,318.43"
2023-05-25,"1,331.19"
2023-05-26,"1,322.66"
2023-05-29,"1,324.07"
2023-05-30,"1,319.76"
2023-05-31,"1,320.56"
2023-06-01,"1,312.64"
2023-06-02,"1,305.92"
2023-06-05,"1,300.78"
2023-06-06,"1,299.19"
2023-06-07,"1,308.26"
2023-06-08,"1,295.47"
2023-06-09,"1,287.32"
2023-06-12,"1,284.54"
2023-06-13,"1,267.70"
2023-06-14,"1,274.01"
2023-06-15,"1,270.00"
2023-06-16,"1,276.15"
2023-06-19,"1,282.26"
2023-06-20,"1,288.23"
2023-06-21,"1,288.33"
2023-06-22,"1,298.18"
2023-06-23,"1,308.41"
2023-06-26,"1,304.98"
2023-06-27,"1,299.18"
2023-06-28,"1,308.90"
2023-06-29,"1,322.21"
2023-06-30,"1,315.11"
2023-07-03,"1,304.20"
2023-07-04,"1,294.35"
2023-07-05,"1,303.59"
2023-07-06,"1,309.11"
2023-07-07,"1,297.90"
2023-07-10,"1,299.40"
2023-07-11,"1,291.47"
2023-07-12,"1,274.49"
2023-07-13,"1,266.73"
2023-07-14,"1,268.31"
2023-07-17,"1,263.17"
2023-07-18,"1,264.95"
2023-07-19,"1,266.94"
2023-07-20,"1,276.53"
2023-07-21,"1,286.19"
2023-07-24,"1,280.45"
2023-07-25,"1,276.18"
2023-07-26,"1,270.80"
2023-07-27,"1,283.78"
2023-07-28,"1,272.83"
2023-07-31,"1,277.86"
2023-08-01,"1,289.00"
2023-08-02,"1,298.93"
2023-08-03,"1,299.01"
2023-08-04,"1,304.08"
2023-08-07,"1,307.30"
2023-08-08,"1,316.72"
2023-08-09,"1,313.08"
2023-08-10,"1,316.90"
2023-08-11,"1,330.30"
2023-08-14,"1,336.80"
2023-08-15,"1,336.42"
2023-08-16,"1,341.22"
2023-08-17,"1,339.27"
2023-08-18,"1,339.17"
2023-08-21,"1,339.15"
2023-08-22,"1,339.81"
2023-08-23,"1,326.42"
2023-08-24,"1,327.35"
2023-08-25,"1,323.53"
2023-08-28,"1,323.81"
2023-08-29,"1,318.06"
2023-08-30,"1,323.49"
2023-08-31,"1,325.14"
2023-09-01,"1,317.55"
2023-09-04,"1,317.21"
2023-09-05,"1,329.05"
2023-09-06,"1,333.58"
2023-09-07,"1,333.45"
2023-09-08,"1,334.96"
2023-09-11,"1,325.49"
2023-09-12,"1,326.15"
2023-09-13,"1,326.59"
2023-09-14,"1,329.52"
2023-09-15,"1,328.46"
2023-09-18,"1,323.57"
2023-09-19,"1,328.62"
2023-09-20,"1,332.92"
2023-09-21,"1,339.00"
2023-09-22,"1,334.03"
2023-09-25,"1,338.01"
2023-09-26,"1,352.93"
2023-09-27,"1,354.54"
2023-09-28,"1,349.56"
2023-09-29,"1,352.31"
2023-10-02,"1,355.84"
2023-10-03,"1,361.08"
2023-10-04,"1,351.62"
2023-10-05,"1,345.72"
2023-10-06,"1,344.61"
2023-10-09,"1,346.51"
2023-10-10,"1,341.33"
2023-10-11,"1,338.42"
2023-10-12,"1,348.96"
2023-10-13,"1,352.21"
2023-10-16,"1,347.91"
2023-10-17,"1,352.98"
2023-10-18,"1,353.86"
2023-10-19,"1,356.02"
2023-10-20,"1,349.08"
2023-10-23,"1,342.12"
2023-10-24,"1,343.88"
2023-10-25,"1,352.44"
2023-10-26,"1,352.69"
2023-10-27,"1,354.91"
2023-10-30,"1,345.63"
2023-10-31,"1,352.15"
2023-11-01,"1,347.79"
2023-11-02,"1,333.59"
2023-11-03,"1,308.23"
2023-11-06,"1,298.29"
2023-11-07,"1,304.49"
2023-11-08,"1,307.71"
2023-11-09,"1,317.04"
2023-11-10,"1,316.51"
2023-11-13,"1,319.11"
2023-11-14,"1,304.65"
2023-11-15,"1,304.61"
2023-11-16,"1,292.34"
2023-11-17,"1,294.35"
2023-11-20,"1,286.92"
2023-11-21,"1,294.52"
2023-11-22,"1,300.90"
2023-11-23,"1,300.20"
2023-11-24,"1,302.97"
2023-11-27,"1,296.95"
2023-11-28,"1,287.25"
2023-11-29,"1,291.17"
2023-11-30,"1,299.35"
2023-12-01,"1,293.40"
2023-12-04,"1,309.75"
2023-12-05,"1,313.58"
2023-12-06,"1,316.15"
2023-12-07,"1,313.00"
2023-12-08,"1,316.41"
2023-12-11,"1,316.25"
2023-12-12,"1,310.90"
2023-12-13,"1,294.83"
2023-12-14,"1,288.65"
2023-12-15,"1,300.40"
2023-12-18,"1,302.89"
2023-12-19,"1,300.21"
2023-12-20,"1,303.08"
2023-12-21,"1,294.86"
2023-12-22,"1,297.25"
2023-12-25,"1,295.43"
2023-12-26,"1,293.99"
2023-12-27,"1,292.78"
2023-12-28,"1,289.23"
2023-12-29,"1,294.40"
2024-01-01,"1,293.54"
2024-01-02,"1,311.32"
2024-01-03,"1,309.50"
2024-01-04,"1,313.08"
2024-01-05,"1,314.16"
2024-01-08,"1,311.77"
2024-01-09,"1,320.08"
2024-01-10,"1,318.93"
2024-01-11,"1,313.86"
2024-01-12,"1,313.22"
2024-01-15,"1,319.82"
2024-01-16,"1,338.13"
2024-01-17,"1,343.95"
2024-01-18,"1,338.43"
2024-01-19,"1,333.66"
2024-01-22,"1,339.05"
2024-01-23,"1,337.74"
2024-01-24,"1,331.98"
2024-01-25,"1,336.27"
2024-01-26,"1,336.75"
2024-01-29,"1,332.96"
2024-01-30,"1,328.53"
2024-01-31,"1,333.59"
2024-02-01,"1,328.95"
2024-02-02,"1,337.76"
2024-02-05,"1,333.13"
2024-02-06,"1,326.87"
2024-02-07,"1,328.29"
2024-02-08,"1,331.29"
2024-02-09,"1,330.07"
2024-02-12,"1,328.66"
2024-02-13,"1,340.73"
2024-02-14,"1,329.91"
2024-02-15,"1,328.55"
2024-02-16,"1,331.29"
2024-02-19,"1,333.72"
2024-02-20,"1,333.79"
2024-02-21,"1,333.04"
2024-02-22,"1,327.25"
2024-02-23,"1,329.95"
2024-02-26,"1,331.90"
2024-02-27,"1,332.05"
2024-02-28,"1,334.05"
2024-02-29,"1,334.78"
2024-03-01,"1,330.52"
2024-03-04,"1,330.89"
2024-03-05,"1,335.40"
2024-03-06,"1,329.03"
2024-03-07,"1,323.09"
2024-03-08,"1,316.00"
2024-03-11,"1,310.74"
2024-03-12,"1,311.68"
2024-03-13,"1,313.79"
2024-03-14,"1,323.43"
2024-03-15,"1,330.63"
2024-03-18,"1,336.21"
2024-03-19,"1,337.24"
2024-03-20,"1,329.18"
2024-03-21,"1,334.07"
2024-03-22,"1,343.43"
2024-03-25,"1,338.84"
2024-03-26,"1,342.89"
2024-03-27,"1,349.82"
2024-03-28,"1,349.48"
2024-03-29,"1,345.09"
2024-04-01,"1,353.34"
2024-04-02,"1,351.45"
2024-04-03,"1,344.74"
2024-04-04,"1,351.08"
2024-04-05,"1,350.91"
2024-04-08,"1,353.78"
2024-04-09,"1,351.03"
2024-04-10,"1,363.43"
2024-04-11,"1,367.01"
2024-04-12,"1,379.69"
2024-04-15,"1,386.91"
2024-04-16,"1,389.50"
2024-04-17,"1,378.86"
2024-04-18,"1,379.41"
2024-04-19,"1,374.30"
2024-04-22,"1,378.73"
2024-04-23,"1,373.05"
2024-04-24,"1,377.03"
2024-04-25,"1,371.41"
2024-04-26,"1,376.43"
2024-04-29,"1,374.67"
2024-04-30,"1,385.38"
2024-05-01,"1,377.25"
2024-05-02,"1,366.75"
2024-05-03,"1,354.63"
2024-05-06,"1,354.91"
2024-05-07,"1,358.79"
2024-05-08,"1,364.39"
2024-05-09,"1,365.09"
2024-05-10,"1,369.65"
2024-05-13,"1,366.11"
2024-05-14,"1,364.79"
2024-05-15,"1,352.96"
2024-05-16,"1,348.49"
2024-05-17,"1,351.76"
2024-05-20,"1,359.97"
2024-05-21,"1,363.00"
2024-05-22,"1,364.73"
2024-05-23,"1,367.34"
2024-05-24,"1,365.93"
2024-05-27,"1,359.93"
2024-05-28,"1,362.42"
2024-05-29,"1,370.08"
2024-05-30,"1,374.74"
2024-05-31,"1,381.68"
2024-06-03,"1,370.36"
2024-06-04,"1,372.93"
2024-06-05,"1,368.48"
2024-06-06,"1,363.71"
2024-06-07,"1,378.80"
2024-06-10,"1,373.60"
2024-06-11,"1,377.50"
2024-06-12,"1,369.84"
2024-06-13,"1,375.35"
2024-06-14,"1,381.84"
2024-06-17,"1,378.46"
2024-06-18,"1,378.64"
2024-06-19,"1,380.97"
2024-06-20,"1,391.93"
2024-06-21,"1,387.01"
2024-06-24,"1,386.37"
2024-06-25,"1,390.44"
2024-06-26,"1,392.90"
2024-06-27,"1,386.35"
2024-06-28,"1,380.73"
2024-07-01,"1,382.50"
2024-07-02,"1,386.03"
2024-07-03,"1,386.80"
2024-07-04,"1,380.22"
2024-07-05,"1,376.57"
2024-07-08,"1,383.27"
2024-07-09,"1,382.92"
2024-07-10,"1,382.81"
2024-07-11,"1,370.96"
2024-07-12,"1,373.67"
2024-07-15,"1,384.17"
2024-07-16,"1,382.77"
2024-07-17,"1,378.51"
2024-07-18,"1,384.48"
2024-07-19,"1,388.79"
2024-07-22,"1,386.99"
2024-07-23,"1,384.59"
2024-07-24,"1,382.17"
2024-07-25,"1,382.22"
2024-07-26,"1,383.72"
2024-07-29,"1,380.57"
2024-07-30,"1,382.81"
2024-07-31,"1,369.08"
2024-08-01,"1,369.08"
2024-08-02,"1,356.63"
2024-08-05,"1,366.40"
2024-08-06,"1,374.52"
2024-08-07,"1,374.47"
2024-08-08,"1,373.43"
2024-08-09,"1,364.19"
2024-08-12,"1,368.88"
2024-08-13,"1,361.41"
2024-08-14,"1,356.00"
2024-08-15,"1,364.22"
2024-08-16,"1,349.11"
2024-08-19,"1,331.64"
2024-08-20,"1,327.54"
2024-08-21,"1,332.76"
2024-08-22,"1,341.29"
2024-08-23,"1,323.43"
2024-08-26,"1,327.48"
2024-08-27,"1,325.77"
2024-08-28,"1,335.98"
2024-08-29,"1,333.24"
2024-08-30,"1,336.56"
2024-09-02,"1,337.48"
2024-09-03,"1,339.29"
2024-09-04,"1,333.34"
2024-09-05,"1,333.04"
2024-09-06,"1,337.26"
2024-09-09,"1,341.66"
2024-09-10,"1,343.21"
2024-09-11,"1,338.99"
2024-09-12,"1,335.56"
2024-09-13,"1,328.21"
2024-09-16,"1,320.45"
2024-09-17,"1,318.60"
2024-09-18,"1,319.09"
2024-09-19,"1,326.86"
2024-09-20,"1,331.64"
2024-09-23,"1,333.62"
2024-09-24,"1,325.18"
2024-09-25,"1,333.54"
2024-09-26,"1,312.72"
2024-09-27,"1,308.30"
2024-09-30,"1,317.01"
2024-10-01,"1,323.77"
2024-10-02,"1,323.82"
2024-10-03,"1,333.21"
2024-10-04,"1,346.41"
2024-10-07,"1,345.15"
2024-10-08,"1,339.28"
2024-10-09,"1,345.70"
2024-10-10,"1,349.15"
2024-10-11,"1,348.41"
2024-10-14,"1,356.26"
2024-10-15,"1,363.65"
2024-10-16,"1,363.70"
2024-10-17,"1,369.84"
2024-10-18,"1,368.37"
2024-10-21,"1,379.02"
2024-10-22,"1,378.27"
2024-10-23,"1,379.93"
2024-10-24,"1,378.55"
2024-10-25,"1,387.95"
2024-10-28,"1,382.09"
2024-10-29,"1,383.24"
2024-10-30,"1,378.27"
2024-10-31,"1,372.58"
2024-11-01,"1,378.48"
2024-11-04,"1,372.60"
2024-11-05,"1,376.88"
2024-11-06,"1,400.36"
2024-11-07,"1,379.89"
2024-11-08,"1,396.23"
2024-11-11,"1,399.08"
2024-11-12,"1,405.80"
2024-11-13,"1,404.09"
2024-11-14,"1,404.75"
2024-11-15,"1,393.68"
2024-11-18,"1,390.50"
2024-11-19,"1,392.32"
2024-11-20,"1,398.02"
2024-11-21,"1,399.15"
2024-11-22,"1,402.40"
2024-11-25,"1,398.06"
2024-11-26,"1,396.24"
2024-11-27,"1,388.58"
2024-11-28,"1,393.73"
2024-11-29,"1,394.67"
2024-12-02,"1,403.96"
2024-12-03,"1,414.47"
2024-12-04,"1,411.13"
2024-12-05,"1,413.28"
2024-12-06,"1,424.14"
2024-12-09,"1,428.40"
2024-12-10,"1,434.30"
2024-12-11,"1,427.81"
2024-12-12,"1,430.67"
2024-12-13,"1,434.03"
2024-12-16,"1,436.81"
2024-12-17,"1,437.39"
2024-12-18,"1,452.70"
2024-12-19,"1,444.52"
2024-12-20,"1,444.57"
2024-12-23,"1,451.28"
2024-12-24,"1,458.93"
2024-12-25,"1,456.52"
2024-12-26,"1,467.08"
2024-12-27,"1,472.50"
2024-12-30,"1,469.25"
2024-12-31,"1,476.78"
2025-01-01,"1,476.78"
2025-01-02,"1,469.77"
2025-01-03,"1,468.37"
2025-01-06,"1,461.08"
2025-01-07,"1,453.11"
2025-01-08,"1,458.48"
2025-01-09,"1,457.41"
2025-01-10,"1,473.08"
2025-01-13,"1,464.38"
2025-01-14,"1,458.16"
2025-01-15,"1,454.54"
2025-01-16,"1,455.75"
2025-01-17,"1,456.03"
2025-01-20,"1,436.67"
2025-01-21,"1,431.65"
2025-01-22,"1,435.12"
2025-01-23,"1,434.30"
2025-01-24,"1,427.98"
2025-01-27,"1,432.84"
2025-01-28,"1,445.37"
2025-01-29,"1,441.66"
2025-01-30,"1,443.57"
2025-01-31,"1,455.70"
2025-02-03,"1,458.57"
2025-02-04,"1,452.53"
2025-02-05,"1,443.76"
2025-02-06,"1,445.55"
2025-02-07,"1,453.44"
2025-02-10,"1,450.55"
2025-02-11,"1,450.86"
2025-02-12,"1,450.74"
2025-02-13,"1,439.33"
2025-02-14,"1,439.43"
2025-02-17,"1,441.28"
2025-02-18,"1,440.71"
2025-02-19,"1,439.00"
2025-02-20,"1,430.70"
2025-02-21,"1,433.00"
2025-02-24,"1,428.64"
2025-02-25,"1,433.00"
2025-02-26,"1,433.20"
2025-02-27,"1,450.48"
2025-02-28,"1,461.28"
2025-03-03,"1,457.94"
2025-03-04,"1,453.15"
2025-03-05,"1,445.00"
2025-03-06,"1,447.34"
2025-03-07,"1,449.00"
2025-03-10,"1,459.23"
2025-03-11,"1,451.08"
2025-03-12,"1,451.00"
2025-03-13,"1,453.23"
2025-03-14,"1,450.62"
2025-03-17,"1,442.95"
2025-03-18,"1,448.83"
2025-03-19,"1,460.70"
2025-03-20,"1,465.72"
2025-03-21,"1,463.32"
2025-03-24,"1,466.98"
2025-03-25,"1,462.98"
2025-03-26,"1,467.87"
2025-03-27,"1,464.66"
2025-03-28,"1,469.87"
2025-03-31,"1,472.05"
2025-04-01,"1,469.94"
2025-04-02,"1,463.19"
2025-04-03,"1,450.57"
2025-04-04,"1,458.51"
2025-04-07,"1,469.91"
2025-04-08,"1,485.83"
2025-04-09,"1,445.80"
2025-04-10,"1,452.73"
2025-04-11,"1,419.53"
2025-04-14,"1,419.41"
2025-04-15,"1,426.63"
2025-04-16,"1,413.71"
2025-04-17,"1,417.42"
2025-04-18,"1,423.49"
2025-04-21,"1,421.63"
2025-04-22,"1,430.19"
2025-04-23,"1,427.42"
2025-04-24,"1,431.04"
2025-04-25,"1,438.36"
2025-04-28,"1,436.84"
2025-04-29,"1,432.14"
2025-04-30,"1,424.69"
2025-05-01,"1,436.09"
2025-05-02,"1,399.90"
2025-05-05,"1,375.36"
2025-05-06,"1,375.79"
2025-05-07,"1,398.38"
2025-05-08,"1,404.82"
2025-05-09,"1,396.16"
2025-05-12,"1,417.03"
2025-05-13,"1,416.99"
2025-05-14,"1,408.31"
2025-05-15,"1,397.99"
2025-05-16,"1,399.13"
2025-05-19,"1,389.55"
2025-05-20,"1,393.72"
2025-05-21,"1,374.83"
2025-05-22,"1,382.23"
2025-05-23,"1,365.72"
2025-05-26,"1,369.44"
2025-05-27,"1,375.80"
2025-05-28,"1,374.59"
2025-05-29,"1,371.39"
2025-05-30,"1,382.99"
2025-06-02,"1,377.05"
2025-06-03,"1,378.71"
2025-06-04,"1,362.05"
2025-06-05,"1,355.54"
2025-06-06,"1,360.18"
2025-06-09,"1,354.33"
2025-06-10,"1,366.22"
2025-06-11,"1,370.17"
2025-06-12,"1,355.17"
2025-06-13,"1,366.85"
2025-06-16,"1,359.43"
2025-06-17,"1,381.67"
2025-06-18,"1,376.13"
2025-06-19,"1,376.71"
2025-06-20,"1,373.18"
2025-06-23,"1,371.20"
2025-06-24,"1,359.06"
2025-06-25,"1,359.26"
2025-06-26,"1,357.87"
2025-06-27,"1,364.58"
2025-06-30,"1,352.74"
2025-07-01,"1,356.51"
2025-07-02,"1,356.19"
2025-07-03,"1,363.50"
2025-07-04,"1,362.52"
2025-07-07,"1,375.59"
2025-07-08,"1,370.15"
2025-07-09,"1,374.07"
2025-07-10,"1,371.73"
2025-07-11,"1,379.16"
2025-07-14,"1,382.52"
2025-07-15,"1,386.53"
2025-07-16,"1,387.27"
2025-07-17,"1,391.99"
2025-07-18,"1,391.20"
2025-07-21,"1,382.80"
2025-07-22,"1,380.77"
2025-07-23,"1,374.88"
2025-07-24,"1,372.88"
2025-07-25,"1,383.64"
2025-07-28,"1,389.58"
2025-07-29,"1,388.39"
2025-07-30,"1,393.18"
2025-07-31,"1,392.47"
2025-08-01,"1,389.03"
2025-08-04,"1,385.57"
2025-08-05,"1,386.79"
2025-08-06,"1,384.67"
2025-08-07,"1,383.70"
2025-08-08,"1,388.83"
2025-08-11,"1,390.86"
2025-08-12,"1,384.17"
2025-08-13,"1,379.80"
2025-08-14,"1,388.95"
2025-08-15,"1,388.97"
2025-08-18,"1,388.88"
2025-08-19,"1,393.26"
2025-08-20,"1,397.88"
2025-08-21,"1,401.19"
2025-08-22,"1,384.20"
2025-08-25,"1,390.57"
2025-08-26,"1,395.08"
2025-08-27,"1,393.30"
2025-08-28,"1,385.55"
2025-08-29,"1,388.97"
2025-09-01,"1,393.05"
2025-09-02,"1,395.80"
2025-09-03,"1,390.42"
2025-09-04,"1,393.52"
2025-09-05,"1,386.42"
2025-09-07,"1,386.51"
2025-09-08,"1,385.28"
2025-09-09,"1,389.25"
2025-09-10,"1,389.34"
2025-09-11,"1,389.66"
2025-09-12,"1,393.03"
