일자,전체
2015-09-01,1520.29
2015-09-02,1519.15
2015-09-03,1518.04
2015-09-04,1517.06
2015-09-05,1516.11
2015-09-06,1515.75
2015-09-07,1515.28
2015-09-08,1515.27
2015-09-09,1514.76
2015-09-10,1514.26
2015-09-11,1513.75
2015-09-12,1513.27
2015-09-13,1513.1
2015-09-14,1512.85
2015-09-15,1512.54
2015-09-16,1511.89
2015-09-17,1511.22
2015-09-18,1510.21
2015-09-19,1509.6
2015-09-20,1509.17
2015-09-21,1508.82
2015-09-22,1508.07
2015-09-23,1507.12
2015-09-24,1506.39
2015-09-25,1505.75
2015-09-26,1505.21
2015-09-27,1505.04
2015-09-28,1504.96
2015-09-29,1505.03
2015-09-30,1504.76
2015-10-01,1503.91
2015-10-02,1503.71
2015-10-03,1503.08
2015-10-04,1502.84
2015-10-05,1502.49
2015-10-06,1502.15
2015-10-09,1501.19
2015-10-10,1501.22
2015-10-11,1501.25
2015-10-12,1501.37
2015-10-13,1501.4
2015-10-14,1501.27
2015-10-15,1501.02
2015-10-16,1500.68
2015-10-17,1500.22
2015-10-18,1500.13
2015-10-19,1500.06
2015-10-20,1499.36
2015-10-21,1498.61
2015-10-22,1497.57
2015-10-23,1496.3
2015-10-24,1495.18
2015-10-25,1494.74
2015-10-26,1494.14
2015-10-27,1492.85
2015-10-28,1491.5
2015-10-29,1490.09
2015-10-30,1489.15
2015-10-31,1488.27
2015-11-01,1487.32
2015-11-02,1486.62
2015-11-03,1485.8
2015-11-04,1484.88
2015-11-05,1483.82
2015-11-06,1482.93
2015-11-07,1481.57
2015-11-08,1481.3
2015-11-09,1480.63
2015-11-10,1479.73
2015-11-11,1478.81
2015-11-12,1477.75
2015-11-13,1476.76
2015-11-14,1475.88
2015-11-15,1475.32
2015-11-16,1474.51
2015-11-17,1473.35
2015-11-18,1472.28
2015-11-19,1470.98
2015-11-21,1467.88
2015-11-22,1467.21
2015-11-23,1466.33
2015-11-24,1464.51
2015-11-25,1462.86
2015-11-26,1503
2015-11-26,1461.49
2015-11-27,1460.49
2015-11-28,1459.49
2015-11-29,1458.99
2015-11-30,1458.46
2015-12-01,1456.21
2015-12-02,1455.41
2015-12-03,1454.21
2015-12-04,1453.02
2015-12-05,1451.82
2015-12-06,1451.08
2015-12-07,1450.18
2015-12-08,1448.33
2015-12-09,1446.49
2015-12-10,1444.38
2015-12-13,1438.91
2015-12-14,1437.21
2015-12-15,1434.88
2015-12-15,1434.88
2015-12-16,1432.55
2015-12-16,1432.55
2015-12-17,1430.53
2015-12-18,1428.59
2015-12-19,1426.59
2015-12-20,1425.65
2015-12-21,1423.95
2015-12-22,1421.65
2015-12-23,1419.48
2015-12-24,1417.55
2015-12-25,1415.77
2015-12-26,1414.95
2015-12-27,1414.27
2015-12-28,1413.21
2015-12-29,1411.53
2015-12-30,1410.19
2015-12-31,1409.35
2016-01-01,1407.15
2016-01-02,1405.98
2016-01-03,1405.33
2016-01-04,1403.84
2016-01-05,1402.25
2016-01-06,1400.78
2016-01-07,1399.15
2016-01-08,1397.36
2016-01-09,1395.62
2016-01-10,1394.79
2016-01-11,1393.53
2016-01-12,1391.91
2016-01-13,1390.32
2016-01-14,1388.78
2016-01-15,1387.16
2016-01-16,1384.83
2016-01-17,1383.82
2016-01-18,1382.41
2016-01-19,1379.99
2016-01-20,1378.33
2016-01-21,1376.56
2016-01-22,1374.76
2016-01-23,1373.35
2016-01-24,1372.69
2016-01-25,1371.97
2016-01-26,1370.04
2016-01-27,1368.42
2016-01-28,1366.94
2016-01-29,1365.79
2016-01-30,1364.86
2016-01-31,1364.37
2016-02-01,1363.04
2016-02-02,1362.19
2016-02-03,1361.18
2016-02-04,1360.25
2016-02-05,1359.75
2016-02-06,1359.05
2016-02-07,1358.65
2016-02-08,1358.5
2016-02-09,1358.41
2016-02-10,1358.06
2016-02-11,1356.99
2016-02-12,1355.48
2016-02-13,1354.01
2016-02-14,1353.17
2016-02-15,1352.28
2016-02-16,1350.34
2016-02-17,1348.76
2016-02-18,1347.55
2016-02-19,1346.59
2016-02-20,1345.74
2016-02-21,1345.43
2016-02-22,1344.98
2016-02-23,1344.25
2016-02-24,1343.66
2016-02-25,1343.08
2016-02-26,1342.29
2016-02-27,1341.76
2016-02-28,1341.4
2016-02-29,1341.37
2016-03-01,1340.74
2016-03-02,1340.27
2016-03-03,1340.13
2016-03-04,1339.83
2016-03-05,1339.72
2016-03-06,1339.69
2016-03-07,1339.72
2016-03-08,1340.13
2016-03-09,1341.06
2016-03-10,1341.53
2016-03-11,1342.6
2016-03-12,1343.85
2016-03-13,1344.49
2016-03-14,1345.83
2016-03-15,1348.46
2016-03-16,1350.27
2016-03-17,1351.52
2016-03-18,1352.76
2016-03-19,1354.35
2016-03-20,1355.09
2016-03-21,1356.32
2016-03-22,1357.61
2016-03-23,1358.65
2016-03-24,1359.53
2016-03-25,1360.12
2016-03-26,1360.72
2016-03-27,1361.01
2016-03-28,1361.44
2016-03-29,1361.96
2016-03-30,1362.26
2016-03-31,1362.41
2016-04-01,1362.75
2016-04-02,1362.9
2016-04-03,1362.81
2016-04-04,1362.84
2016-04-05,1362.58
2016-04-06,1362.4
2016-04-07,1362.24
2016-04-08,1362.09
2016-04-09,1361.78
2016-04-10,1361.75
2016-04-11,1361.61
2016-04-12,1361.38
2016-04-13,1361.19
2016-04-14,1361.15
2016-04-15,1361.3
2016-04-16,1361.59
2016-04-17,1361.59
2016-04-18,1361.44
2016-04-19,1361.56
2016-04-20,1361.42
2016-04-21,1361.3
2016-04-22,1361.23
2016-04-23,1361.25
2016-04-24,1361.21
2016-04-25,1361.16
2016-04-26,1361.03
2016-04-27,1360.93
2016-04-28,1361.33
2016-04-29,1361.77
2016-04-30,1362.67
2016-05-01,1363.29
2016-05-02,1363.37
2016-05-03,1367.44
2016-05-04,1369.3
2016-05-05,1371.12
2016-05-06,1372.22
2016-05-07,1373.11
2016-05-08,1373.62
2016-05-09,1374.28
2016-05-10,1375.3
2016-05-11,1376.37
2016-05-12,1378.2
2016-05-13,1380.08
2016-05-14,1381.95
2016-05-15,1382.69
2016-05-16,1384.07
2016-05-17,1386.72
2016-05-18,1389.21
2016-05-19,1391.74
2016-05-20,1394.34
2016-05-21,1396.84
2016-05-22,1398.06
2016-05-23,1399.86
2016-05-24,1404.27
2016-05-25,1407.38
2016-05-26,1410.44
2016-05-27,1413.54
2016-05-28,1415.85
2016-05-29,1416.79
2016-05-30,1418.34
2016-05-31,1420.46
2016-06-01,1424.12
2016-06-02,1425.85
2016-06-03,1427.54
2016-06-04,1429.27
2016-06-05,1430.04
2016-06-06,1430.79
2016-06-07,1431.82
2016-06-08,1433.14
2016-06-09,1434.56
2016-06-10,1435.99
2016-06-11,1437.02
2016-06-12,1437.52
2016-06-13,1438.34
2016-06-14,1439.75
2016-06-15,1440.58
2016-06-16,1441.06
2016-06-17,1441.35
2016-06-18,1441.47
2016-06-19,1441.66
2016-06-20,1441.74
2016-06-21,1441.91
2016-06-22,1442.11
2016-06-23,1442.25
2016-06-24,1442.36
2016-06-25,1442.42
2016-06-26,1442.37
2016-06-27,1442.56
2016-06-28,1442.54
2016-06-29,1442.63
2016-06-30,1442.66
2016-07-01,1442.78
2016-07-02,1442.69
2016-07-03,1442.7
2016-07-04,1442.58
2016-07-05,1442.61
2016-07-06,1442.32
2016-07-07,1442.17
2016-07-08,1441.92
2016-07-09,1441.65
2016-07-10,1441.53
2016-07-11,1441.24
2016-07-12,1440.68
2016-07-13,1440.31
2016-07-14,1439.83
2016-07-15,1439.19
2016-07-16,1438.53
2016-07-17,1438.33
2016-07-18,1437.68
2016-07-19,1436.74
2016-07-20,1435.79
2016-07-21,1435.11
2016-07-22,1434.37
2016-07-23,1433.31
2016-07-24,1432.93
2016-07-25,1432.16
2016-07-26,1431.05
2016-07-27,1430.01
2016-07-28,1429.05
2016-07-29,1428.22
2016-07-30,1427.4
2016-07-31,1426.97
2016-08-01,1425.7
2016-08-02,1423.66
2016-08-03,1422.19
2016-08-04,1420.84
2016-08-05,1419.47
2016-08-06,1418.33
2016-08-07,1417.72
2016-08-08,1416.63
2016-08-09,1414.73
2016-08-10,1413.51
2016-08-11,1412.32
2016-08-12,1411.29
2016-08-13,1410.28
2016-08-14,1409.94
2016-08-15,1409.44
2016-08-16,1408.53
2016-08-17,1407.67
2016-08-18,1406.95
2016-08-19,1406.6
2016-08-20,1406.56
2016-08-21,1406.5
2016-08-22,1406.34
2016-08-23,1406.87
2016-08-24,1406.92
2016-08-25,1406.92
2016-08-26,1407.15
2016-08-27,1407.43
2016-08-28,1407.55
2016-08-29,1407.76
2016-08-30,1408.15
2016-08-31,1408.54
2016-09-01,1408.72
2016-09-02,1408.6
2016-09-03,1408.51
2016-09-04,1408.46
2016-09-05,1408.52
2016-09-06,1408.3
2016-09-07,1408.19
2016-09-08,1408.12
2016-09-09,1408.26
2016-09-10,1408.38
2016-09-11,1408.33
2016-09-12,1408.6
2016-09-13,1408.78
2016-09-14,1408.92
2016-09-15,1409.06
2016-09-16,1409
2016-09-17,1408.91
2016-09-18,1408.81
2016-09-19,1408.84
2016-09-20,1408.52
2016-09-21,1408.21
2016-09-22,1407.97
2016-09-23,1407.83
2016-09-24,1407.49
2016-09-25,1407.49
2016-09-26,1407.36
2016-09-27,1407.21
2016-09-28,1406.94
2016-09-29,1406.86
2016-09-30,1406.79
2016-10-01,1406.78
2016-10-02,1406.77
2016-10-03,1406.78
2016-10-04,1406.71
2016-10-05,1406.62
2016-10-06,1406.82
2016-10-07,1407.26
2016-10-08,1407.8
2016-10-09,1408.11
2016-10-10,1408.67
2016-10-11,1411.26
2016-10-12,1412.68
2016-10-13,1413.89
2016-10-14,1414.86
2016-10-15,1415.71
2016-10-16,1416.26
2016-10-17,1417.09
2016-10-18,1418.95
2016-10-19,1419.89
2016-10-20,1420.88
2016-10-21,1421.9
2016-10-22,1422.82
2016-10-23,1423.33
2016-10-24,1424.17
2016-10-25,1425.4
2016-10-26,1426.18
2016-10-27,1426.75
2016-10-28,1427.18
2016-10-29,1427.45
2016-10-30,1427.64
2016-10-31,1428
2016-11-01,1428.72
2016-11-02,1428.98
2016-11-03,1429.12
2016-11-04,1429.26
2016-11-05,1429.27
2016-11-06,1429.37
2016-11-07,1429.45
2016-11-08,1428.99
2016-11-09,1428.81
2016-11-10,1428.61
2016-11-11,1428.44
2016-11-12,1428.2
2016-11-13,1428.15
2016-11-14,1428.08
2016-11-15,1427.23
2016-11-16,1426.72
2016-11-17,1426.43
2016-11-18,1426.06
2016-11-19,1425.64
2016-11-20,1425.33
2016-11-21,1424.99
2016-11-22,1424.75
2016-11-23,1424.62
2016-11-24,1424.49
2016-11-25,1424.51
2016-11-26,1424.41
2016-11-27,1424.44
2016-11-28,1424.49
2016-11-29,1425.31
2016-11-30,1425.53
2016-12-01,1425.98
2016-12-02,1428.26
2016-12-03,1429.71
2016-12-04,1430.46
2016-12-05,1431.78
2016-12-06,1433.59
2016-12-07,1435.25
2016-12-08,1437.46
2016-12-09,1439.12
2016-12-10,1440.56
2016-12-11,1441.54
2016-12-12,1443.66
2016-12-13,1448.27
2016-12-14,1452.27
2016-12-15,1455.06
2016-12-16,1457.55
2016-12-17,1459.79
2016-12-18,1460.66
2016-12-19,1462.22
2016-12-20,1464.25
2016-12-21,1466
2016-12-22,1467.29
2016-12-23,1468.86
2016-12-24,1470.58
2016-12-25,1471.47
2016-12-26,1472.98
2016-12-27,1475.47
2016-12-28,1477.59
2016-12-29,1479.72
2016-12-30,1481.74
2016-12-31,1483.7
2017-01-01,1486.06
2017-01-02,1487.92
2017-01-03,1492.17
2017-01-04,1495.37
2017-01-05,1497.7
2017-01-06,1499.65
2017-01-07,1501.37
2017-01-08,1502.44
2017-01-09,1503.96
2017-01-10,1505.91
2017-01-11,1507.16
2017-01-12,1508.2
2017-01-13,1509.01
2017-01-14,1509.85
2017-01-15,1510.29
2017-01-16,1511.05
2017-01-17,1511.69
2017-01-18,1512.3
2017-01-19,1512.71
2017-01-20,1513.06
2017-01-21,1513.41
2017-01-22,1513.65
2017-01-23,1514.03
2017-01-24,1514.43
2017-01-25,1514.77
2017-01-26,1515.4
2017-01-27,1515.85
2017-01-28,1516.05
2017-01-29,1516.15
2017-01-30,1516.26
2017-01-31,1516.5
2017-02-01,1516.7
2017-02-02,1516.87
2017-02-03,1516.95
2017-02-04,1516.99
2017-02-05,1516.99
2017-02-06,1517.18
2017-02-07,1517.29
2017-02-08,1517.31
2017-02-09,1517.2
2017-02-10,1517.09
2017-02-11,1517.05
2017-02-12,1517.01
2017-02-13,1517.02
2017-02-14,1516.94
2017-02-15,1516.79
2017-02-16,1516.79
2017-02-17,1516.69
2017-02-18,1516.55
2017-02-19,1516.55
2017-02-20,1516.55
2017-02-21,1516.54
2017-02-22,1516.4
2017-02-23,1516.29
2017-02-24,1516.11
2017-02-25,1515.75
2017-02-26,1515.59
2017-02-27,1515.58
2017-02-28,1515.39
2017-03-01,1515.14
2017-03-02,1514.91
2017-03-03,1514.75
2017-03-04,1514.44
2017-03-05,1514.28
2017-03-06,1514.09
2017-03-07,1513.59
2017-03-08,1513.2
2017-03-09,1512.76
2017-03-10,1512.17
2017-03-11,1511.66
2017-03-12,1511.54
2017-03-13,1511.22
2017-03-14,1510.48
2017-03-15,1509.7
2017-03-16,1508.75
2017-03-17,1507.81
2017-03-18,1506.89
2017-03-19,1506.49
2017-03-20,1505.73
2017-03-21,1504.17
2017-03-22,1502.85
2017-03-23,1501.53
2017-03-24,1500.27
2017-03-25,1499.1
2017-03-26,1498.66
2017-03-27,1497.82
2017-03-28,1496.23
2017-03-29,1494.77
2017-03-30,1493.63
2017-03-31,1492.8
2017-04-01,1490.96
2017-04-02,1490.48
2017-04-03,1489.82
2017-04-04,1488.87
2017-04-05,1488.06
2017-04-06,1487.51
2017-04-07,1486.94
2017-04-08,1486.51
2017-04-09,1486.39
2017-04-10,1486.3
2017-04-11,1486.64
2017-04-12,1486.7
2017-04-13,1486.69
2017-04-14,1486.73
2017-04-15,1486.78
2017-04-16,1486.8
2017-04-17,1486.89
2017-04-18,1487.6
2017-04-19,1487.86
2017-04-20,1487.91
2017-04-21,1487.9
2017-04-22,1487.73
2017-04-23,1487.7
2017-04-24,1487.78
2017-04-25,1487.54
2017-04-26,1487.35
2017-04-27,1487.3
2017-04-28,1487.09
2017-04-29,1486.76
2017-04-30,1486.67
2017-05-01,1486.55
2017-05-02,1486.12
2017-05-03,1485.78
2017-05-04,1485.76
2017-05-05,1485.5
2017-05-06,1485.32
2017-05-07,1485.29
2017-05-08,1485.13
2017-05-09,1484.34
2017-05-10,1483.94
2017-05-11,1483.26
2017-05-12,1482.5
2017-05-13,1481.94
2017-05-14,1481.67
2017-05-15,1481.35
2017-05-16,1480.75
2017-05-17,1480.29
2017-05-18,1479.88
2017-05-19,1479.43
2017-05-20,1478.91
2017-05-21,1478.77
2017-05-22,1478.6
2017-05-23,1478.36
2017-05-24,1478.11
2017-05-25,1477.75
2017-05-26,1477.55
2017-05-27,1477.15
2017-05-28,1477
2017-05-29,1476.82
2017-05-30,1476.53
2017-05-31,1476.19
2017-06-01,1475.24
2017-06-02,1474.51
2017-06-03,1473.86
2017-06-04,1473.71
2017-06-05,1473.3
2017-06-06,1472.6
2017-06-07,1472.05
2017-06-08,1471.13
2017-06-09,1470.03
2017-06-10,1468.87
2017-06-11,1468.37
2017-06-12,1467.61
2017-06-13,1466.07
2017-06-14,1464.71
2017-06-15,1463.29
2017-06-16,1461.75
2017-06-17,1460.28
2017-06-18,1459.69
2017-06-19,1458.78
2017-06-20,1457.15
2017-06-21,1455.31
2017-06-22,1453.61
2017-06-23,1452.03
2017-06-24,1450.76
2017-06-25,1450.14
2017-06-26,1449.24
2017-06-27,1447.56
2017-06-28,1446.23
2017-06-29,1444.98
2017-06-30,1444.1
2017-07-01,1442.37
2017-07-02,1441.8
2017-07-04,1440.41
2017-07-05,1439.67
2017-07-06,1439.24
2017-07-07,1438.93
2017-07-08,1438.51
2017-07-09,1438.33
2017-07-10,1438.21
2017-07-11,1438.76
2017-07-12,1438.42
2017-07-13,1438.22
2017-07-14,1438.05
2017-07-15,1437.96
2017-07-16,1437.97
2017-07-17,1438
2017-07-18,1437.89
2017-07-19,1437.75
2017-07-20,1437.78
2017-07-21,1437.68
2017-07-22,1437.64
2017-07-23,1437.58
2017-07-24,1437.59
2017-07-25,1437.7
2017-07-26,1437.85
2017-07-27,1438.02
2017-07-28,1438.2
2017-07-29,1438.31
2017-07-30,1438.48
2017-07-31,1438.87
2017-08-01,1439.43
2017-08-02,1439.82
2017-08-03,1440.31
2017-08-04,1440.98
2017-08-05,1441.5
2017-08-06,1441.89
2017-08-07,1442.77
2017-08-08,1444.78
2017-08-09,1446.06
2017-08-10,1447.55
2017-08-11,1448.48
2017-08-12,1449.53
2017-08-13,1450.09
2017-08-14,1450.81
2017-08-15,1452.62
2017-08-16,1453.26
2017-08-17,1454.28
2017-08-18,1455.01
2017-08-19,1455.6
2017-08-20,1455.99
2017-08-21,1456.62
2017-08-22,1457.27
2017-08-23,1457.81
2017-08-24,1458.37
2017-08-25,1458.81
2017-08-26,1459.66
2017-08-27,1460.09
2017-08-28,1460.66
2017-08-29,1461.6
2017-08-30,1462.3
2017-08-31,1462.61
2017-09-01,1463.76
2017-09-02,1464.34
2017-09-03,1464.73
2017-09-04,1465.35
2017-09-05,1466.28
2017-09-06,1466.99
2017-09-07,1467.98
2017-09-08,1469.35
2017-09-09,1470.74
2017-09-10,1471.63
2017-09-11,1472.94
2017-09-12,1475.32
2017-09-13,1477.01
2017-09-14,1478.52
2017-09-15,1480.04
2017-09-16,1481.65
2017-09-17,1482.53
2017-09-18,1483.77
2017-09-19,1485.17
2017-09-20,1486.11
2017-09-21,1487.25
2017-09-22,1488.24
2017-09-23,1489.15
2017-09-24,1489.69
2017-09-25,1490.52
2017-09-26,1491.59
2017-09-27,1492.61
2017-09-28,1493.88
2017-09-29,1495.49
2017-09-30,1497.04
2017-10-01,1498.61
2017-10-02,1499.74
2017-10-03,1500.86
2017-10-04,1501.29
2017-10-05,1501.73
2017-10-06,1502.14
2017-10-07,1502.37
2017-10-08,1502.52
2017-10-09,1502.79
2017-10-10,1503
2017-10-11,1503.39
2017-10-12,1503.75
2017-10-13,1504.14
2017-10-14,1504.48
2017-10-15,1504.73
2017-10-16,1505.13
2017-10-17,1505.46
2017-10-18,1505.53
2017-10-19,1505.79
2017-10-20,1506
2017-10-21,1506.18
2017-10-22,1506.32
2017-10-23,1506.44
2017-10-24,1506.61
2017-10-25,1506.74
2017-10-26,1506.88
2017-10-27,1507
2017-10-28,1507.12
2017-10-29,1507.24
2017-10-30,1507.5
2017-10-31,1507.71
2017-11-01,1508.62
2017-11-02,1508.95
2017-11-03,1509.35
2017-11-04,1509.82
2017-11-05,1510.06
2017-11-06,1510.48
2017-11-07,1512.06
2017-11-08,1513.34
2017-11-09,1514.43
2017-11-10,1515.57
2017-11-11,1516.76
2017-11-12,1517.56
2017-11-13,1518.65
2017-11-14,1520.74
2017-11-15,1521.86
2017-11-16,1522.81
2017-11-17,1523.72
2017-11-18,1524.64
2017-11-19,1525.2
2017-11-20,1525.97
2017-11-21,1526.88
2017-11-22,1527.6
2017-11-23,1528.28
2017-11-24,1529.12
2017-11-25,1529.99
2017-11-26,1530.41
2017-11-27,1531.27
2017-11-28,1532.2
2017-11-29,1533.11
2017-11-30,1533.76
2017-12-01,1534.92
2017-12-02,1535.66
2017-12-03,1536.08
2017-12-04,1536.55
2017-12-05,1536.83
2017-12-06,1537.35
2017-12-07,1537.85
2017-12-08,1538.13
2017-12-09,1538.36
2017-12-10,1538.55
2017-12-11,1538.86
2017-12-12,1539.28
2017-12-13,1539.47
2017-12-14,1539.97
2017-12-15,1540.38
2017-12-16,1540.66
2017-12-17,1540.85
2017-12-18,1541.12
2017-12-19,1541.55
2017-12-20,1541.76
2017-12-21,1541.99
2017-12-22,1542.3
2017-12-23,1542.58
2017-12-24,1542.77
2017-12-25,1542.87
2017-12-26,1542.99
2017-12-27,1543.24
2017-12-28,1543.52
2017-12-29,1543.74
2017-12-30,1543.99
2017-12-31,1544.11
2018-01-01,1544.62
2018-01-02,1544.93
2018-01-03,1545.28
2018-01-04,1545.57
2018-01-05,1546.36
2018-01-06,1546.89
2018-01-07,1547.13
2018-01-08,1547.49
2018-01-09,1547.8
2018-01-10,1548.16
2018-01-11,1548.67
2018-01-12,1549.23
2018-01-13,1549.76
2018-01-14,1550.16
2018-01-15,1550.69
2018-01-16,1551.58
2018-01-17,1552.16
2018-01-18,1552.73
2018-01-19,1553.32
2018-01-20,1553.92
2018-01-21,1554.19
2018-01-22,1554.73
2018-01-23,1555.27
2018-01-24,1555.85
2018-01-25,1556.44
2018-01-26,1557.14
2018-01-27,1557.76
2018-01-28,1558.12
2018-01-29,1558.67
2018-01-30,1559.63
2018-01-31,1560.34
2018-02-01,1561.4
2018-02-02,1562.05
2018-02-03,1562.6
2018-02-04,1562.8
2018-02-05,1563.14
2018-02-06,1563.9
2018-02-07,1564.38
2018-02-08,1564.8
2018-02-09,1565.11
2018-02-10,1565.31
2018-02-11,1565.34
2018-02-12,1565.47
2018-02-13,1565.51
2018-02-14,1565.72
2018-02-15,1565.98
2018-02-16,1566.02
2018-02-17,1565.99
2018-02-18,1565.95
2018-02-19,1565.76
2018-02-20,1565.46
2018-02-21,1565.06
2018-02-22,1564.67
2018-02-23,1564.48
2018-02-24,1564.3
2018-02-25,1564.23
2018-02-26,1564.17
2018-02-27,1564.07
2018-02-28,1563.88
2018-03-01,1563.68
2018-03-02,1563.46
2018-03-03,1563.15
2018-03-04,1562.95
2018-03-05,1562.76
2018-03-06,1562.75
2018-03-07,1562.37
2018-03-08,1562.02
2018-03-09,1561.53
2018-03-10,1561.12
2018-03-11,1560.89
2018-03-12,1560.6
2018-03-13,1560.02
2018-03-14,1559.27
2018-03-15,1558.55
2018-03-16,1557.87
2018-03-17,1557.16
2018-03-18,1556.94
2018-03-19,1556.44
2018-03-20,1555.54
2018-03-21,1554.72
2018-03-22,1554.2
2018-03-23,1553.67
2018-03-24,1553.36
2018-03-25,1553.23
2018-03-26,1552.94
2018-03-27,1553.03
2018-03-28,1552.76
2018-03-29,1552.41
2018-03-30,1552.09
2018-03-31,1551.86
2018-04-01,1551.62
2018-04-02,1551.29
2018-04-03,1551.29
2018-04-04,1551.1
2018-04-05,1550.91
2018-04-06,1550.69
2018-04-07,1550.52
2018-04-08,1550.45
2018-04-09,1550.34
2018-04-10,1550.04
2018-04-11,1549.73
2018-04-12,1549.69
2018-04-13,1549.64
2018-04-14,1549.65
2018-04-15,1549.68
2018-04-16,1549.72
2018-04-17,1550
2018-04-18,1550.11
2018-04-19,1550.39
2018-04-20,1550.83
2018-04-21,1551.2
2018-04-22,1551.34
2018-04-23,1551.69
2018-04-24,1552.22
2018-04-25,1552.76
2018-04-26,1553.33
2018-04-27,1554.15
2018-04-28,1554.78
2018-04-29,1555.14
2018-04-30,1555.65
2018-05-01,1557.66
2018-05-02,1558.46
2018-05-03,1559.37
2018-05-04,1560.3
2018-05-05,1561.55
2018-05-06,1562.08
2018-05-07,1562.73
2018-05-08,1563.59
2018-05-09,1565.32
2018-05-10,1567.32
2018-05-11,1569.89
2018-05-12,1572.13
2018-05-13,1573.17
2018-05-14,1574.67
2018-05-15,1577.27
2018-05-16,1579.46
2018-05-17,1581.16
2018-05-18,1583.01
2018-05-19,1584.92
2018-05-20,1585.9
2018-05-21,1587.43
2018-05-22,1590.2
2018-05-23,1591.97
2018-05-24,1595.13
2018-05-25,1598.38
2018-05-26,1600.91
2018-05-27,1602.06
2018-05-28,1603.52
2018-05-29,1605.58
2018-05-30,1606.68
2018-05-31,1607.24
2018-06-01,1608.43
2018-06-02,1608.89
2018-06-03,1609.16
2018-06-04,1609.5
2018-06-05,1609.7
2018-06-06,1609.97
2018-06-07,1610.24
2018-06-08,1610.24
2018-06-09,1610.19
2018-06-10,1610.14
2018-06-11,1610.26
2018-06-12,1610.18
2018-06-13,1610.03
2018-06-14,1609.97
2018-06-15,1609.74
2018-06-16,1609.59
2018-06-17,1609.55
2018-06-18,1609.32
2018-06-19,1609.16
2018-06-20,1608.89
2018-06-21,1608.58
2018-06-22,1608.32
2018-06-23,1608.12
2018-06-24,1608.06
2018-06-25,1608.02
2018-06-26,1607.73
2018-06-27,1607.61
2018-06-28,1607.56
2018-06-30,1607.63
2018-07-01,1607.66
2018-07-02,1607.83
2018-07-03,1608.19
2018-07-04,1608.49
2018-07-05,1608.67
2018-07-06,1608.89
2018-07-07,1609.18
2018-07-08,1609.27
2018-07-09,1609.44
2018-07-10,1609.85
2018-07-11,1610.24
2018-07-12,1610.57
2018-07-13,1610.76
2018-07-14,1610.99
2018-07-15,1611.22
2018-07-16,1611.42
2018-07-17,1611.64
2018-07-18,1611.69
2018-07-19,1611.79
2018-07-20,1611.82
2018-07-21,1611.93
2018-07-22,1611.97
2018-07-23,1612.09
2018-07-24,1612.21
2018-07-25,1612.29
2018-07-26,1612.47
2018-07-27,1612.59
2018-07-28,1612.86
2018-07-29,1613.03
2018-07-30,1613.2
2018-07-31,1613.82
2018-08-01,1614.67
2018-08-02,1615.04
2018-08-03,1615.31
2018-08-04,1615.62
2018-08-05,1615.84
2018-08-06,1615.97
2018-08-07,1616.6
2018-08-08,1616.88
2018-08-09,1617.17
2018-08-10,1617.37
2018-08-11,1617.58
2018-08-12,1617.82
2018-08-13,1618.03
2018-08-14,1618.46
2018-08-15,1618.68
2018-08-16,1618.9
2018-08-17,1619.02
2018-08-18,1619.08
2018-08-19,1619.18
2018-08-20,1619.34
2018-08-21,1619.46
2018-08-22,1619.51
2018-08-23,1619.69
2018-08-24,1619.75
2018-08-25,1619.82
2018-08-26,1619.91
2018-08-27,1620.05
2018-08-28,1620.35
2018-08-29,1620.52
2018-08-30,1620.72
2018-08-31,1620.87
2018-09-01,1621.68
2018-09-02,1621.97
2018-09-03,1622.48
2018-09-04,1623.19
2018-09-05,1624.11
2018-09-06,1625.25
2018-09-07,1626.47
2018-09-08,1627.25
2018-09-09,1627.74
2018-09-10,1628.48
2018-09-11,1630.11
2018-09-12,1631.5
2018-09-13,1633.36
2018-09-14,1635.32
2018-09-15,1637.02
2018-09-16,1637.9
2018-09-17,1639.2
2018-09-18,1640.92
2018-09-19,1642.42
2018-09-20,1644
2018-09-21,1645.7
2018-09-22,1647.81
2018-09-23,1649.04
2018-09-24,1649.62
2018-09-25,1650.2
2018-09-26,1650.45
2018-09-27,1651.41
2018-09-28,1652.82
2018-09-29,1654.25
2018-09-30,1655
2018-10-01,1657.1
2018-10-02,1659.87
2018-10-03,1661.85
2018-10-04,1663.86
2018-10-05,1666.77
2018-10-06,1669.15
2018-10-07,1670.38
2018-10-08,1672.36
2018-10-09,1675.17
2018-10-10,1677.03
2018-10-11,1679.67
2018-10-12,1681.55
2018-10-13,1683.13
2018-10-14,1684
2018-10-15,1685.11
2018-10-16,1686.39
2018-10-17,1687.47
2018-10-18,1688.25
2018-10-19,1688.74
2018-10-20,1689.15
2018-10-21,1689.48
2018-10-22,1689.76
2018-10-23,1689.71
2018-10-24,1689.73
2018-10-25,1689.78
2018-10-26,1689.64
2018-10-27,1689.69
2018-10-28,1689.84
2018-10-29,1689.86
2018-10-30,1690.11
2018-10-31,1690.14
2018-11-01,1690.24
2018-11-02,1690.21
2018-11-03,1690.19
2018-11-04,1690.31
2018-11-05,1690.3
2018-11-06,1665.5
2018-11-07,1640.7
2018-11-08,1615
2018-11-09,1598.67
2018-11-10,1589.25
2018-11-11,1585.66
2018-11-12,1580.32
2018-11-13,1574.73
2018-11-14,1569.96
2018-11-15,1565.07
2018-11-16,1560.28
2018-11-17,1556.81
2018-11-18,1555.15
2018-11-19,1551.91
2018-11-20,1547.21
2018-11-21,1541.69
2018-11-22,1536.76
2018-11-23,1531.65
2018-11-24,1527.85
2018-11-25,1526.19
2018-11-26,1522.79
2018-11-27,1516.55
2018-11-28,1510.85
2018-11-29,1505.23
2018-11-30,1500.24
2018-12-01,1493.32
2018-12-02,1490.73
2018-12-03,1486.92
2018-12-04,1481.24
2018-12-05,1475.39
2018-12-06,1470.45
2018-12-07,1465.39
2018-12-08,1461.3
2018-12-09,1459.79
2018-12-10,1456.49
2018-12-11,1451.67
2018-12-12,1447.47
2018-12-13,1443.21
2018-12-14,1439.29
2018-12-15,1435.85
2018-12-16,1434.31
2018-12-17,1431.21
2018-12-18,1426.88
2018-12-19,1422.55
2018-12-20,1417.46
2018-12-21,1412.04
2018-12-22,1407.88
2018-12-23,1405.51
2018-12-24,1401.56
2018-12-25,1397.44
2018-12-26,1393.36
2018-12-27,1389.05
2018-12-28,1385.9
2018-12-29,1383.03
2018-12-30,1381.66
2018-12-31,1379.77
2019-01-01,1375.08
2019-01-02,1371.58
2019-01-03,1367.67
2019-01-04,1363.93
2019-01-05,1361.02
2019-01-06,1359.6
2019-01-07,1357.21
2019-01-08,1354.46
2019-01-09,1352.61
2019-01-10,1351.2
2019-01-11,1350.06
2019-01-12,1349.44
2019-01-13,1349.16
2019-01-14,1348.54
2019-01-15,1347.96
2019-01-16,1347.39
2019-01-17,1346.77
2019-01-18,1346.19
2019-01-19,1345.82
2019-01-20,1345.6
2019-01-21,1345.57
2019-01-22,1345.59
2019-01-23,1345.48
2019-01-24,1345.35
2019-01-25,1345.27
2019-01-26,1344.93
2019-01-27,1344.94
2019-01-28,1344.93
2019-01-29,1344.76
2019-01-30,1344.49
2019-01-31,1344.35
2019-02-01,1344.15
2019-02-02,1344.21
2019-02-03,1344.16
2019-02-04,1344.12
2019-02-05,1344.13
2019-02-06,1343.85
2019-02-07,1343.8
2019-02-08,1343.48
2019-02-09,1343.19
2019-02-10,1343.13
2019-02-11,1342.93
2019-02-12,1342.66
2019-02-13,1342.5
2019-02-14,1342.34
2019-02-15,1342.24
2019-02-16,1342.55
2019-02-17,1342.62
2019-02-18,1342.75
2019-02-19,1342.87
2019-02-20,1342.97
2019-02-21,1343.19
2019-02-22,1343.7
2019-02-23,1344.3
2019-02-24,1344.64
2019-02-25,1345.21
2019-02-26,1345.97
2019-02-27,1346.57
2019-02-28,1347.17
2019-03-01,1348.52
2019-03-02,1349.01
2019-03-03,1349.18
2019-03-04,1349.54
2019-03-05,1350.21
2019-03-06,1350.83
2019-03-07,1351.77
2019-03-08,1353.58
2019-03-09,1354.89
2019-03-10,1355.69
2019-03-11,1356.86
2019-03-12,1358.93
2019-03-13,1361.38
2019-03-14,1363.69
2019-03-15,1366.83
2019-03-16,1369.55
2019-03-17,1370.93
2019-03-18,1372.96
2019-03-19,1375.77
2019-03-20,1378.03
2019-03-21,1379.83
2019-03-22,1381.85
2019-03-23,1383.83
2019-03-24,1384.72
2019-03-25,1386.32
2019-03-26,1388.31
2019-03-27,1389.97
2019-03-28,1391.43
2019-03-29,1392.77
2019-03-30,1393.96
2019-03-31,1394.19
2019-04-01,1396.21
2019-04-02,1398.26
2019-04-03,1399.91
2019-04-04,1401.33
2019-04-05,1402.73
2019-04-06,1404.24
2019-04-07,1405.01
2019-04-08,1406.37
2019-04-09,1408.14
2019-04-10,1409.99
2019-04-11,1411.96
2019-04-12,1414.21
2019-04-13,1416.7
2019-04-14,1417.96
2019-04-15,1420.05
2019-04-16,1423.2
2019-04-17,1425.97
2019-04-18,1428.32
2019-04-19,1431.07
2019-04-20,1433.69
2019-04-21,1435.18
2019-04-22,1437.68
2019-04-23,1440.95
2019-04-24,1444.26
2019-04-25,1447
2019-04-26,1449.65
2019-04-27,1452.3
2019-04-28,1453.81
2019-04-29,1456.22
2019-04-30,1459.4
2019-05-01,1463.79
2019-05-02,1466.64
2019-05-03,1469.8
2019-05-04,1472.95
2019-05-05,1475.12
2019-05-06,1477.24
2019-05-07,1500.12
2019-05-08,1511.97
2019-05-09,1517.31
2019-05-10,1520.01
2019-05-11,1522.23
2019-05-12,1523.16
2019-05-13,1524.45
2019-05-14,1525.75
2019-05-15,1526.59
2019-05-16,1527.6
2019-05-17,1528.69
2019-05-18,1529.81
2019-05-19,1530.36
2019-05-20,1531.06
2019-05-21,1532.46
2019-05-22,1533.5
2019-05-23,1534.24
2019-05-24,1534.9
2019-05-25,1535.24
2019-05-26,1535.43
2019-05-27,1535.83
2019-05-28,1536.22
2019-05-29,1536.97
2019-05-30,1537.08
2019-05-31,1536.98
2019-06-01,1536.66
2019-06-02,1536.53
2019-06-03,1536.17
2019-06-04,1535.22
2019-06-05,1534.24
2019-06-06,1533.18
2019-06-07,1532.57
2019-06-08,1531.58
2019-06-09,1531
2019-06-10,1530.06
2019-06-11,1528
2019-06-12,1525.89
2019-06-13,1523.36
2019-06-14,1520.9
2019-06-15,1518.33
2019-06-16,1517.3
2019-06-17,1515.21
2019-06-18,1512.45
2019-06-19,1509.96
2019-06-20,1507.74
2019-06-21,1505.8
2019-06-22,1504.13
2019-06-23,1503.57
2019-06-24,1502.41
2019-06-25,1500.87
2019-06-26,1499.9
2019-06-27,1499.14
2019-06-28,1498.68
2019-06-29,1497.86
2019-06-30,1497.59
2019-07-01,1496.52
2019-07-02,1495.58
2019-07-03,1494.75
2019-07-04,1493.81
2019-07-05,1492.88
2019-07-06,1492.26
2019-07-07,1491.97
2019-07-08,1491.59
2019-07-09,1491.02
2019-07-10,1490.56
2019-07-11,1490.29
2019-07-12,1490.07
2019-07-13,1489.97
2019-07-14,1490.08
2019-07-15,1490.25
2019-07-16,1490.43
2019-07-17,1490.47
2019-07-18,1490.48
2019-07-19,1490.49
2019-07-20,1490.44
2019-07-21,1490.43
2019-07-22,1490.51
2019-07-23,1490.55
2019-07-24,1490.5
2019-07-25,1490.75
2019-07-26,1491.01
2019-07-27,1491.19
2019-07-28,1491.37
2019-07-29,1491.57
2019-07-30,1492.1
2019-07-31,1492.4
2019-08-01,1492.91
2019-08-02,1493.52
2019-08-03,1493.7
2019-08-04,1493.82
2019-08-05,1493.98
2019-08-06,1494.13
2019-08-07,1494.12
2019-08-08,1494.04
2019-08-09,1493.77
2019-08-10,1493.63
2019-08-11,1493.53
2019-08-12,1493.54
2019-08-13,1493.54
2019-08-14,1493.45
2019-08-15,1493.42
2019-08-16,1493.31
2019-08-17,1493.17
2019-08-18,1493.16
2019-08-19,1493.15
2019-08-20,1493.12
2019-08-21,1492.94
2019-08-22,1493.06
2019-08-23,1493.3
2019-08-24,1493.32
2019-08-25,1493.42
2019-08-26,1493.73
2019-08-27,1493.94
2019-08-28,1494.18
2019-08-29,1494.52
2019-08-30,1495.13
2019-09-02,1515.3
2019-09-03,1518.61
2019-09-04,1520.36
2019-09-05,1521.11
2019-09-06,1522.03
2019-09-07,1522.3
2019-09-08,1522.62
2019-09-09,1522.87
2019-09-10,1523.24
2019-09-11,1523.9
2019-09-12,1524.7
2019-09-13,1525.07
2019-09-14,1525.13
2019-09-15,1525.21
2019-09-16,1526.28
2019-09-17,1529.08
2019-09-18,1531.55
2019-09-19,1533.21
2019-09-20,1534.79
2019-09-21,1536.13
2019-09-22,1536.66
2019-09-23,1537.63
2019-09-24,1538.93
2019-09-25,1540.36
2019-09-26,1541.37
2019-09-27,1541.97
2019-09-28,1542.43
2019-09-29,1542.69
2019-09-30,1543.09
2019-10-01,1543.54
2019-10-02,1543.49
2019-10-03,1543.55
2019-10-04,1543.25
2019-10-05,1543
2019-10-06,1543
2019-10-07,1542.95
2019-10-08,1542.75
2019-10-09,1542.51
2019-10-10,1542.27
2019-10-11,1541.98
2019-10-12,1541.72
2019-10-13,1541.73
2019-10-14,1541.6
2019-10-15,1541.4
2019-10-16,1541.03
2019-10-17,1540.69
2019-10-18,1539.96
2019-10-19,1539.59
2019-10-20,1539.51
2019-10-21,1539.27
2019-10-22,1538.83
2019-10-23,1538.44
2019-10-24,1538.06
2019-10-25,1537.72
2019-10-26,1537.45
2019-10-27,1537.42
2019-10-28,1537.26
2019-10-29,1536.99
2019-10-30,1536.81
2019-10-31,1536.62
2019-11-01,1536.09
2019-11-02,1535.8
2019-11-03,1535.75
2019-11-04,1535.6
2019-11-05,1535.12
2019-11-06,1534.76
2019-11-07,1534.42
2019-11-08,1534.33
2019-11-09,1534.22
2019-11-10,1534.23
2019-11-11,1534.28
2019-11-12,1534.38
2019-11-13,1534.43
2019-11-14,1534.64
2019-11-15,1534.8
2019-11-16,1535.02
2019-11-17,1535.14
2019-11-18,1535.3
2019-11-19,1535.36
2019-11-20,1535.46
2019-11-21,1535.76
2019-11-22,1536.04
2019-11-23,1536.34
2019-11-24,1536.62
2019-11-25,1536.84
2019-11-26,1537.09
2019-11-27,1537.4
2019-11-28,1537.75
2019-11-29,1538.07
2019-11-30,1538.41
2019-12-01,1538.9
2019-12-02,1539.22
2019-12-03,1539.85
2019-12-04,1540.18
2019-12-05,1540.71
2019-12-06,1541.4
2019-12-07,1542.28
2019-12-08,1542.64
2019-12-09,1543.34
2019-12-10,1544.07
2019-12-11,1544.93
2019-12-12,1545.71
2019-12-13,1546.42
2019-12-14,1547.22
2019-12-15,1547.67
2019-12-16,1548.42
2019-12-17,1549.25
2019-12-18,1549.87
2019-12-19,1550.57
2019-12-20,1551.3
2019-12-21,1552.04
2019-12-22,1552.58
2019-12-23,1553.15
2019-12-24,1554.23
2019-12-25,1554.82
2019-12-26,1555.46
2019-12-27,1556.18
2019-12-28,1556.8
2019-12-29,1557.19
2019-12-30,1557.74
2019-12-31,1558.44
2020-01-01,1559.6
2020-01-02,1560.36
2020-01-03,1561.05
2020-01-04,1561.87
2020-01-05,1562.34
2020-01-06,1563.32
2020-01-07,1565.06
2020-01-08,1566.54
2020-01-09,1568.19
2020-01-10,1569.25
2020-01-11,1570.06
2020-01-12,1570.36
2020-01-13,1570.97
2020-01-14,1571.34
2020-01-15,1571.46
2020-01-16,1571.56
2020-01-17,1571.45
2020-01-18,1571.27
2020-01-19,1571.22
2020-01-20,1571.26
2020-01-21,1571.17
2020-01-22,1571.06
2020-01-23,1571.06
2020-01-24,1570.99
2020-01-25,1571.01
2020-01-26,1570.91
2020-01-27,1570.53
2020-01-28,1570.26
2020-01-29,1569.66
2020-01-30,1568.76
2020-01-31,1567.8
2020-02-01,1566.46
2020-02-02,1565.92
2020-02-03,1564.89
2020-02-04,1563.3
2020-02-05,1561.93
2020-02-06,1560.33
2020-02-07,1558.76
2020-02-08,1557.5
2020-02-09,1556.89
2020-02-10,1555.51
2020-02-11,1552.66
2020-02-12,1550.29
2020-02-13,1547.53
2020-02-14,1545.01
2020-02-15,1542.96
2020-02-16,1541.95
2020-02-17,1540.38
2020-02-18,1538.33
2020-02-19,1536.63
2020-02-20,1535.17
2020-02-21,1533.93
2020-02-22,1533.01
2020-02-23,1532.62
2020-02-24,1531.73
2020-02-25,1530.59
2020-02-26,1529.45
2020-02-27,1528.09
2020-02-28,1526.59
2020-02-29,1525.03
2020-03-01,1523.52
2020-03-02,1521.76
2020-03-03,1519.5
2020-03-04,1517.3
2020-03-05,1515.36
2020-03-06,1513.55
2020-03-07,1511.7
2020-03-08,1510.79
2020-03-09,1508.65
2020-03-10,1505.06
2020-03-11,1499.7
2020-03-12,1494.89
2020-03-13,1490.23
2020-03-14,1486.01
2020-03-15,1484.04
2020-03-16,1480.14
2020-03-17,1473.72
2020-03-18,1465.4
2020-03-19,1457.94
2020-03-20,1450.71
2020-03-21,1445.02
2020-03-22,1442.55
2020-03-23,1437.38
2020-03-24,1430.25
2020-03-25,1423.96
2020-03-26,1418.18
2020-03-27,1411.92
2020-03-28,1406.63
2020-03-29,1403.83
2020-03-30,1398.93
2020-03-31,1393.03
2020-04-01,1384.29
2020-04-02,1377.9
2020-04-03,1372.03
2020-04-04,1367.91
2020-04-05,1366.27
2020-04-06,1362.9
2020-04-07,1357.79
2020-04-08,1352.04
2020-04-09,1347.54
2020-04-10,1343.57
2020-04-11,1339.93
2020-04-12,1338.46
2020-04-13,1335.31
2020-04-14,1331.1
2020-04-15,1326.56
2020-04-16,1322.62
2020-04-17,1317.95
2020-04-18,1313.53
2020-04-19,1311.41
2020-04-20,1307.26
2020-04-21,1301.62
2020-04-22,1296.7
2020-04-23,1292.03
2020-04-24,1287.36
2020-04-25,1283.83
2020-04-26,1282.05
2020-04-27,1278.85
2020-04-28,1274.4
2020-04-29,1270.26
2020-04-30,1267.24
2020-05-01,1264.02
2020-05-02,1262.63
2020-05-03,1261.66
2020-05-04,1259.87
2020-05-05,1257.33
2020-05-06,1256.15
2020-05-07,1253.91
2020-05-08,1252.46
2020-05-09,1251.41
2020-05-10,1251.08
2020-05-11,1250.1
2020-05-12,1249.18
2020-05-13,1248.34
2020-05-14,1247.95
2020-05-15,1247.58
2020-05-16,1247.73
2020-05-17,1247.91
2020-05-18,1248.13
2020-05-19,1248.66
2020-05-20,1249.29
2020-05-21,1250.29
2020-05-22,1251.66
2020-05-23,1253.38
2020-05-24,1254.16
2020-05-25,1255.48
2020-05-26,1258.57
2020-05-27,1261.22
2020-05-28,1263.74
2020-05-29,1266.16
2020-05-30,1268.42
2020-05-31,1269.84
2020-06-01,1273.49
2020-06-02,1276.04
2020-06-03,1279.03
2020-06-04,1282.23
2020-06-05,1286.85
2020-06-06,1292.21
2020-06-07,1294.67
2020-06-08,1299.39
2020-06-09,1306.08
2020-06-10,1311.63
2020-06-11,1316.17
2020-06-12,1319.99
2020-06-13,1322.91
2020-06-14,1324.22
2020-06-15,1327.02
2020-06-16,1330.09
2020-06-17,1332.86
2020-06-18,1335.47
2020-06-19,1337.95
2020-06-20,1340.67
2020-06-21,1341.84
2020-06-22,1344.18
2020-06-23,1346.77
2020-06-24,1348.54
2020-06-25,1350.05
2020-06-26,1351.31
2020-06-27,1352.59
2020-06-28,1353.19
2020-06-29,1354.24
2020-06-30,1355.2
2020-07-01,1356.73
2020-07-02,1357.49
2020-07-03,1358.04
2020-07-04,1358.36
2020-07-05,1358.73
2020-07-06,1359.06
2020-07-07,1359.49
2020-07-08,1359.68
2020-07-09,1359.95
2020-07-10,1360.16
2020-07-11,1360.4
2020-07-12,1360.51
2020-07-13,1360.72
2020-07-14,1360.8
2020-07-15,1360.91
2020-07-16,1361.03
2020-07-17,1361.04
2020-07-18,1361.15
2020-07-19,1361.22
2020-07-20,1361.18
2020-07-21,1361.13
2020-07-22,1361.07
2020-07-23,1361.01
2020-07-24,1361.04
2020-07-25,1361.04
2020-07-26,1361.1
2020-07-27,1361.01
2020-07-28,1361.04
2020-07-29,1360.99
2020-07-30,1360.93
2020-07-31,1360.83
2020-08-01,1361.07
2020-08-02,1361.2
2020-08-03,1361.31
2020-08-04,1361.25
2020-08-05,1361.12
2020-08-06,1361.07
2020-08-07,1360.99
2020-08-08,1361
2020-08-09,1361.03
2020-08-10,1361.07
2020-08-11,1361.06
2020-08-12,1361.04
2020-08-13,1361.08
2020-08-14,1361.12
2020-08-15,1361.18
2020-08-16,1361.23
2020-08-17,1361.25
2020-08-18,1361.24
2020-08-19,1361.21
2020-08-20,1361.27
2020-08-21,1361.25
2020-08-22,1361.28
2020-08-23,1361.2
2020-08-24,1361.19
2020-08-25,1361.19
2020-08-26,1361.09
2020-08-27,1361.02
2020-08-28,1360.88
2020-08-29,1360.74
2020-08-30,1360.78
2020-08-31,1360.66
2020-09-01,1360.37
2020-09-02,1360.3
2020-09-03,1360.33
2020-09-04,1360.22
2020-09-05,1360.18
2020-09-06,1360.11
2020-09-07,1359.89
2020-09-08,1359.35
2020-09-09,1358.5
2020-09-10,1357.59
2020-09-11,1356.76
2020-09-12,1356.16
2020-09-13,1355.88
2020-09-14,1355.34
2020-09-15,1354.26
2020-09-16,1352.8
2020-09-17,1351.53
2020-09-18,1350.33
2020-09-19,1349.55
2020-09-20,1349.23
2020-09-21,1348.45
2020-09-22,1347.37
2020-09-23,1346.26
2020-09-24,1345.28
2020-09-25,1344.43
2020-09-26,1343.87
2020-09-27,1343.59
2020-09-28,1343.1
2020-09-29,1342.21
2020-09-30,1341.81
2020-10-01,1341.59
2020-10-02,1341.24
2020-10-03,1340.62
2020-10-04,1340.17
2020-10-05,1339.39
2020-10-06,1338.26
2020-10-07,1337.44
2020-10-08,1336.68
2020-10-09,1336.07
2020-10-10,1335.8
2020-10-11,1335.61
2020-10-12,1335.25
2020-10-13,1334.67
2020-10-14,1334.08
2020-10-15,1333.55
2020-10-16,1332.97
2020-10-17,1332.52
2020-10-18,1332.4
2020-10-19,1332
2020-10-20,1331.42
2020-10-21,1330.73
2020-10-22,1330.19
2020-10-23,1329.67
2020-10-24,1329.22
2020-10-25,1329.04
2020-10-26,1328.62
2020-10-27,1327.99
2020-10-28,1327.4
2020-10-29,1326.72
2020-10-30,1325.75
2020-10-31,1325.11
2020-11-01,1324.32
2020-11-02,1323.37
2020-11-03,1322.14
2020-11-04,1321.08
2020-11-05,1320.29
2020-11-06,1319.71
2020-11-07,1319.26
2020-11-08,1319.1
2020-11-09,1318.67
2020-11-10,1318.14
2020-11-11,1317.87
2020-11-12,1317.69
2020-11-13,1317.62
2020-11-14,1317.55
2020-11-15,1317.55
2020-11-16,1317.49
2020-11-17,1317.44
2020-11-18,1317.11
2020-11-19,1317.35
2020-11-20,1317.62
2020-11-21,1317.88
2020-11-22,1317.96
2020-11-23,1318.08
2020-11-24,1318.35
2020-11-25,1319.01
2020-11-26,1320.47
2020-11-27,1322.21
2020-11-28,1323.49
2020-11-29,1324.04
2020-11-30,1324.99
2020-12-01,1327.25
2020-12-02,1328.51
2020-12-03,1329.96
2020-12-04,1331.81
2020-12-05,1333.91
2020-12-06,1335.02
2020-12-07,1336.8
2020-12-08,1339.3
2020-12-09,1341.26
2020-12-10,1343.28
2020-12-11,1346.54
2020-12-12,1349.88
2020-12-13,1351.6
2020-12-14,1354.08
2020-12-15,1357.25
2020-12-16,1360.73
2020-12-17,1364.87
2020-12-18,1370.74
2020-12-19,1376.91
2020-12-20,1380.09
2020-12-21,1384.58
2020-12-22,1389.87
2020-12-23,1394.09
2020-12-24,1398.43
2020-12-25,1402.7
2020-12-26,1405.23
2020-12-27,1406.84
2020-12-28,1409.68
2020-12-29,1413.82
2020-12-30,1417.11
2020-12-31,1419.7
2021-01-01,1424
2021-01-02,1425.64
2021-01-03,1426.62
2021-01-04,1428.43
2021-01-05,1430.42
2021-01-06,1431.84
2021-01-07,1433.41
2021-01-08,1434.78
2021-01-09,1436.05
2021-01-10,1436.73
2021-01-11,1437.89
2021-01-12,1439.25
2021-01-13,1440.44
2021-01-14,1441.94
2021-01-15,1443.47
2021-01-16,1444.83
2021-01-17,1445.38
2021-01-18,1446.25
2021-01-19,1447.27
2021-01-20,1448.04
2021-01-21,1448.83
2021-01-22,1449.36
2021-01-23,1449.76
2021-01-24,1449.89
2021-01-25,1450.32
2021-01-26,1450.49
2021-01-27,1450.73
2021-01-28,1450.89
2021-01-29,1451.3
2021-01-30,1451.43
2021-01-31,1451.48
2021-02-01,1451.94
2021-02-02,1451.99
2021-02-03,1452.13
2021-02-04,1452.42
2021-02-05,1452.85
2021-02-06,1453.46
2021-02-07,1453.65
2021-02-08,1454.26
2021-02-09,1455.63
2021-02-10,1457.21
2021-02-11,1458.76
2021-02-12,1459.28
2021-02-13,1459.61
2021-02-14,1459.89
2021-02-15,1461.06
2021-02-16,1463.32
2021-02-17,1464.89
2021-02-18,1466.59
2021-02-19,1468.46
2021-02-20,1469.88
2021-02-21,1470.6
2021-02-22,1471.83
2021-02-23,1473.21
2021-02-24,1474.79
2021-02-25,1476.11
2021-02-26,1477.54
2021-02-27,1479.1
2021-02-28,1479.89
2021-03-01,1481.76
2021-03-02,1483.1
2021-03-03,1484.45
2021-03-04,1485.71
2021-03-05,1487.79
2021-03-06,1490.69
2021-03-07,1492.4
2021-03-08,1495.18
2021-03-09,1498.95
2021-03-10,1501.95
2021-03-11,1504.22
2021-03-12,1506.7
2021-03-13,1509.97
2021-03-14,1511.68
2021-03-15,1514.35
2021-03-16,1517.64
2021-03-17,1520.36
2021-03-18,1522.81
2021-03-19,1524.98
2021-03-20,1526.53
2021-03-21,1527.4
2021-03-22,1528.75
2021-03-23,1530.34
2021-03-24,1531.33
2021-03-25,1531.9
2021-03-26,1532.48
2021-03-27,1532.94
2021-03-28,1533.22
2021-03-29,1533.5
2021-03-30,1534.04
2021-03-31,1534.27
2021-04-01,1534.52
2021-04-02,1534.68
2021-04-03,1534.84
2021-04-04,1534.93
2021-04-05,1535.02
2021-04-06,1535.07
2021-04-07,1535.05
2021-04-08,1535.04
2021-04-09,1534.99
2021-04-10,1534.9
2021-04-11,1534.95
2021-04-12,1534.97
2021-04-13,1534.9
2021-04-14,1534.79
2021-04-15,1534.71
2021-04-16,1534.64
2021-04-17,1534.38
2021-04-18,1534.35
2021-04-19,1534.33
2021-04-20,1534.26
2021-04-21,1534.25
2021-04-22,1534.21
2021-04-23,1534.11
2021-04-24,1534.04
2021-04-25,1534.03
2021-04-26,1534.03
2021-04-27,1533.96
2021-04-28,1533.93
2021-04-29,1533.92
2021-04-30,1533.93
2021-05-01,1534.19
2021-05-02,1534.27
2021-05-03,1534.27
2021-05-04,1534.28
2021-05-05,1534.36
2021-05-06,1534.55
2021-05-07,1534.9
2021-05-08,1535.33
2021-05-09,1535.53
2021-05-10,1536.1
2021-05-11,1537.02
2021-05-12,1537.73
2021-05-13,1538.82
2021-05-14,1539.99
2021-05-15,1540.53
2021-05-16,1540.93
2021-05-17,1541.67
2021-05-18,1542.6
2021-05-19,1543.52
2021-05-20,1544.19
2021-05-21,1544.88
2021-05-22,1545.57
2021-05-23,1545.86
2021-05-24,1546.47
2021-05-25,1547.36
2021-05-26,1548.28
2021-05-27,1549.28
2021-05-28,1550.19
2021-05-29,1551.04
2021-05-30,1551.52
2021-05-31,1552.23
2021-06-01,1554.21
2021-06-02,1555.59
2021-06-03,1556.98
2021-06-04,1558.6
2021-06-05,1560.26
2021-06-06,1561.13
2021-06-07,1562.72
2021-06-08,1564.59
2021-06-09,1566.31
2021-06-10,1567.97
2021-06-11,1569.83
2021-06-12,1571.61
2021-06-13,1572.53
2021-06-14,1574.22
2021-06-15,1576.08
2021-06-16,1578.16
2021-06-17,1580.15
2021-06-18,1581.71
2021-06-19,1583.18
2021-06-20,1583.95
2021-06-21,1585.42
2021-06-22,1587.57
2021-06-23,1589.45
2021-06-24,1591.42
2021-06-25,1593.5
2021-06-26,1595.56
2021-06-27,1596.67
2021-06-28,1598.52
2021-06-29,1601.06
2021-06-30,1602.75
2021-07-01,1605.96
2021-07-02,1607.97
2021-07-03,1609.95
2021-07-04,1610.79
2021-07-05,1612.37
2021-07-06,1615.07
2021-07-07,1617.77
2021-07-08,1619.82
2021-07-09,1621.64
2021-07-10,1623.62
2021-07-11,1624.6
2021-07-12,1626.18
2021-07-13,1628.33
2021-07-14,1630.21
2021-07-15,1631.74
2021-07-16,1633.5
2021-07-17,1634.76
2021-07-18,1635.4
2021-07-19,1636.67
2021-07-20,1637.56
2021-07-21,1638.06
2021-07-22,1638.63
2021-07-23,1639.13
2021-07-24,1639.68
2021-07-25,1640.03
2021-07-26,1640.59
2021-07-27,1641.11
2021-07-28,1641.55
2021-07-29,1642.03
2021-07-30,1642.56
2021-07-31,1643.05
2021-08-01,1643.95
2021-08-02,1644.6
2021-08-03,1645.23
2021-08-04,1645.75
2021-08-05,1646.09
2021-08-06,1646.72
2021-08-07,1647.01
2021-08-08,1647.13
2021-08-09,1647.32
2021-08-10,1647.35
2021-08-11,1647.32
2021-08-12,1647.34
2021-08-13,1647.35
2021-08-14,1647.28
2021-08-15,1647.25
2021-08-16,1647.35
2021-08-17,1647.22
2021-08-18,1647
2021-08-19,1646.4
2021-08-20,1645.98
2021-08-21,1645.55
2021-08-22,1645.36
2021-08-23,1645.14
2021-08-24,1644.81
2021-08-25,1644.52
2021-08-26,1644.28
2021-08-27,1644.07
2021-08-28,1643.84
2021-08-29,1643.71
2021-08-30,1643.66
2021-08-31,1643.51
2021-09-01,1643.23
2021-09-02,1642.98
2021-09-03,1642.68
2021-09-04,1642.48
2021-09-05,1642.49
2021-09-06,1642.44
2021-09-07,1642.25
2021-09-08,1642.09
2021-09-09,1642.03
2021-09-10,1641.97
2021-09-11,1641.76
2021-09-12,1641.79
2021-09-13,1641.88
2021-09-14,1641.78
2021-09-15,1641.79
2021-09-16,1641.83
2021-09-17,1642.07
2021-09-18,1642.22
2021-09-19,1642.38
2021-09-20,1642.59
2021-09-21,1642.65
2021-09-22,1642.47
2021-09-23,1642.8
2021-09-24,1643.19
2021-09-25,1643.4
2021-09-26,1643.55
2021-09-27,1643.93
2021-09-28,1644.44
2021-09-29,1645.12
2021-09-30,1645.99
2021-10-01,1648.21
2021-10-02,1649.52
2021-10-03,1650.24
2021-10-04,1651.18
2021-10-05,1652.92
2021-10-06,1656.81
2021-10-07,1661.16
2021-10-08,1667.13
2021-10-09,1673.01
2021-10-10,1676.42
2021-10-11,1680.13
2021-10-12,1685.07
2021-10-13,1693.57
2021-10-14,1700.95
2021-10-15,1709.17
2021-10-17,1720.83
2021-10-18,1725.89
2021-10-19,1732.45
2021-10-20,1739.15
2021-10-21,1743.99
2021-10-22,1748.7
2021-10-23,1753.22
2021-10-24,1755.49
2021-10-25,1758.42
2021-10-26,1762.66
2021-10-27,1766.7
2021-10-28,1770.89
2021-10-29,1774.44
2021-10-30,1778.82
2021-10-31,1780.9
2021-11-01,1784.53
2021-11-02,1788.16
2021-11-03,1791.29
2021-11-04,1794.95
2021-11-05,1797.95
2021-11-06,1801.25
2021-11-07,1802.96
2021-11-08,1805.18
2021-11-09,1807.47
2021-11-10,1809.12
2021-11-11,1810.16
2021-11-12,1767.74
2021-11-13,1751.17
2021-11-14,1742.5
2021-11-15,1724.87
2021-11-16,1711.92
2021-11-17,1704.62
2021-11-18,1699.1
2021-11-19,1695.39
2021-11-20,1692.72
2021-11-21,1691.38
2021-11-22,1688.88
2021-11-23,1687.02
2021-11-24,1685.6
2021-11-25,1684.46
2021-11-26,1683.16
2021-11-27,1681.57
2021-11-28,1680.79
2021-11-29,1679.52
2021-11-30,1678.25
2021-12-01,1675.88
2021-12-02,1673.98
2021-12-03,1672.11
2021-12-04,1670.22
2021-12-05,1669.44
2021-12-06,1667.87
2021-12-07,1664.87
2021-12-08,1662.05
2021-12-09,1659.45
2021-12-10,1656.65
2021-12-11,1654.4
2021-12-12,1653.53
2021-12-13,1651.59
2021-12-14,1649.23
2021-12-15,1646.71
2021-12-16,1643.44
2021-12-17,1641.08
2021-12-18,1639.44
2021-12-19,1638.75
2021-12-20,1636.81
2021-12-21,1634.46
2021-12-22,1632.31
2021-12-23,1630.71
2021-12-24,1629.16
2021-12-25,1628.1
2021-12-26,1627.82
2021-12-27,1627.07
2021-12-28,1626.06
2021-12-29,1625.31
2021-12-30,1624.93
2021-12-31,1624.47
2022-01-01,1623.79
2022-01-02,1623.4
2022-01-03,1623.03
2022-01-04,1622.32
2022-01-05,1621.79
2022-01-06,1621.22
2022-01-07,1620.98
2022-01-08,1621.4
2022-01-09,1621.3
2022-01-10,1621.45
2022-01-11,1621.56
2022-01-12,1622.04
2022-01-13,1623.2
2022-01-14,1624.78
2022-01-15,1626.33
2022-01-16,1627.47
2022-01-17,1629.3
2022-01-18,1631.44
2022-01-19,1634.23
2022-01-20,1637.65
2022-01-21,1641.46
2022-01-22,1644.44
2022-01-23,1645.89
2022-01-24,1648.45
2022-01-25,1650.81
2022-01-26,1653.39
2022-01-27,1656.26
2022-01-28,1659.44
2022-01-29,1662.55
2022-01-30,1664.47
2022-01-31,1666.03
2022-02-01,1667.71
2022-02-02,1668.81
2022-02-03,1671.13
2022-02-04,1674.67
2022-02-05,1680.26
2022-02-06,1682.78
2022-02-07,1686.54
2022-02-08,1691.81
2022-02-09,1697.01
2022-02-10,1700.89
2022-02-11,1704.32
2022-02-12,1708.23
2022-02-13,1710.46
2022-02-14,1714.12
2022-02-15,1718.64
2022-02-16,1722.69
2022-02-17,1726.09
2022-02-18,1729.39
2022-02-19,1732.31
2022-02-20,1733.84
2022-02-21,1736.48
2022-02-22,1739.36
2022-02-23,1743.05
2022-02-24,1746.2
2022-02-25,1750.84
2022-02-26,1754.75
2022-02-27,1756.31
2022-02-28,1758.87
2022-03-01,1763.32
2022-03-02,1767.09
2022-03-03,1774.18
2022-03-04,1786.04
2022-03-05,1803.2
2022-03-06,1812.9
2022-03-07,1828.34
2022-03-08,1860.61
2022-03-09,1892.4
2022-03-10,1913.73
2022-03-11,1938.97
2022-03-12,1965.03
2022-03-13,1975.36
2022-03-14,1988.04
2022-03-15,2000.95
2022-03-16,2004.23
2022-03-17,2003.42
2022-03-18,2002.56
2022-03-19,2002.13
2022-03-20,2002.18
2022-03-21,2002.12
2022-03-22,2001.84
2022-03-23,2001.72
2022-03-24,2001.81
2022-03-25,2001.92
2022-03-26,2000.65
2022-03-27,2000.85
2022-03-28,2001.15
2022-03-29,2000.45
2022-03-30,1999.44
2022-03-31,1998.39
2022-04-01,1996.11
2022-04-02,1994.54
2022-04-03,1993.97
2022-04-04,1992.3
2022-04-05,1990.23
2022-04-06,1988.81
2022-04-07,1987.04
2022-04-08,1984.87
2022-04-09,1982.9
2022-04-10,1982.06
2022-04-11,1980.41
2022-04-12,1976.94
2022-04-13,1974.21
2022-04-14,1972.26
2022-04-15,1970.42
2022-04-16,1969.26
2022-04-17,1968.85
2022-04-18,1968.37
2022-04-19,1967.79
2022-04-20,1967.3
2022-04-21,1966.82
2022-04-22,1966.64
2022-04-23,1966.5
2022-04-24,1966.66
2022-04-25,1967.62
2022-04-26,1968.2
2022-04-27,1968.74
2022-04-28,1969.9
2022-04-29,1971.64
2022-04-30,1974.77
2022-05-01,1954.8
2022-05-02,1944.63
2022-05-03,1937.99
2022-05-04,1934.47
2022-05-05,1932.2
2022-05-06,1931.69
2022-05-07,1933.32
2022-05-08,1935.93
2022-05-09,1938.49
2022-05-10,1943.79
2022-05-11,1946.11
2022-05-12,1948.69
2022-05-13,1951.7
2022-05-14,1954.7
2022-05-15,1956.42
2022-05-16,1958.73
2022-05-17,1963.26
2022-05-18,1967.33
2022-05-19,1972.11
2022-05-20,1977.39
2022-05-21,1982.53
2022-05-22,1985.07
2022-05-23,1988.77
2022-05-24,1994.77
2022-05-25,1998.59
2022-05-26,2001.53
2022-05-27,2004.55
2022-05-28,2007.62
2022-05-29,2008.76
2022-05-30,2010.45
2022-05-31,2012.69
2022-06-01,2015.37
2022-06-02,2017.79
2022-06-03,2020.84
2022-06-04,2026.21
2022-06-05,2029.29
2022-06-06,2032.04
2022-06-07,2035.74
2022-06-08,2042.04
2022-06-09,2048.47
2022-06-10,2056.79
2022-06-11,2064.59
2022-06-12,2068.6
2022-06-13,2074.3
2022-06-14,2081.98
2022-06-15,2087.61
2022-06-16,2092.2
2022-06-17,2098.45
2022-06-18,2104.63
2022-06-19,2107.53
2022-06-20,2111.28
2022-06-21,2116.35
2022-06-22,2120.14
2022-06-23,2123.61
2022-06-24,2126.71
2022-06-25,2129.47
2022-06-26,2131.16
2022-06-27,2133.8
2022-06-28,2137.3
2022-06-29,2141.09
2022-06-30,2144.9
2022-07-01,2128.84
2022-07-02,2124.75
2022-07-03,2123.33
2022-07-04,2120.58
2022-07-05,2117.18
2022-07-06,2113.85
2022-07-07,2108.96
2022-07-08,2102.49
2022-07-09,2097.77
2022-07-10,2095.64
2022-07-11,2090.82
2022-07-12,2082.1
2022-07-13,2073.11
2022-07-14,2061.81
2022-07-15,2049.04
2022-07-16,2038.83
2022-07-17,2034.36
2022-07-18,2026.25
2022-07-19,2013.01
2022-07-20,2002.16
2022-07-21,1989.93
2022-07-22,1977.25
2022-07-23,1964.6
2022-07-24,1959.42
2022-07-25,1948.86
2022-07-26,1936.63
2022-07-27,1926.81
2022-07-28,1916.88
2022-07-29,1907.31
2022-07-30,1900.44
2022-07-31,1897.27
2022-08-01,1889.82
2022-08-02,1881.75
2022-08-03,1874.05
2022-08-04,1866.41
2022-08-05,1859.17
2022-08-06,1852
2022-08-07,1848.83
2022-08-08,1842.61
2022-08-09,1834.04
2022-08-10,1825.12
2022-08-11,1815.48
2022-08-12,1805.86
2022-08-13,1797.86
2022-08-14,1794.06
2022-08-15,1789.04
2022-08-16,1781.36
2022-08-17,1771.95
2022-08-18,1764.38
2022-08-19,1757.86
2022-08-20,1753.37
2022-08-21,1751.21
2022-08-22,1746.84
2022-08-23,1742.37
2022-08-24,1739.85
2022-08-25,1738.54
2022-08-26,1737.77
2022-08-27,1738
2022-08-28,1738.06
2022-08-29,1738.53
2022-08-30,1740.46
2022-08-31,1741.71
2022-09-01,1742.51
2022-09-02,1742.01
2022-09-03,1741.46
2022-09-04,1741.41
2022-09-05,1741.49
2022-09-06,1741.42
2022-09-07,1740.99
2022-09-08,1740.61
2022-09-09,1740.42
2022-09-10,1740.44
2022-09-11,1740.46
2022-09-12,1740.15
2022-09-13,1740.54
2022-09-14,1740.38
2022-09-15,1740.34
2022-09-16,1739.33
2022-09-17,1737.72
2022-09-18,1736.95
2022-09-19,1735.73
2022-09-20,1731.92
2022-09-21,1728.37
2022-09-22,1724.95
2022-09-23,1721.16
2022-09-24,1717.19
2022-09-25,1715.25
2022-09-26,1711.53
2022-09-27,1705.43
2022-09-28,1698.78
2022-09-29,1693.28
2022-09-30,1688.3
2022-10-01,1682.04
2022-10-02,1679.84
2022-10-03,1677.55
2022-10-04,1674.38
2022-10-05,1670.62
2022-10-06,1667.41
2022-10-07,1665.76
2022-10-08,1665.86
2022-10-09,1666.13
2022-10-10,1666.45
2022-10-11,1666.75
2022-10-12,1666.94
2022-10-13,1666.38
2022-10-14,1666.05
2022-10-15,1665.73
2022-10-16,1665.72
2022-10-17,1665.72
2022-10-18,1665.76
2022-10-19,1665.55
2022-10-20,1665.21
2022-10-21,1664.67
2022-10-22,1664.21
2022-10-23,1664.02
2022-10-24,1664.11
2022-10-25,1663.71
2022-10-26,1663.17
2022-10-27,1662.31
2022-10-28,1661.71
2022-10-29,1661.04
2022-10-30,1660.71
2022-10-31,1660.7
2022-11-01,1659.88
2022-11-02,1659.38
2022-11-03,1658.83
2022-11-04,1658.32
2022-11-05,1658.37
2022-11-06,1658.55
2022-11-07,1659.06
2022-11-08,1659.71
2022-11-09,1660.32
2022-11-10,1660.34
2022-11-11,1660.1
2022-11-12,1659.78
2022-11-13,1659.71
2022-11-14,1659.64
2022-11-15,1659.03
2022-11-16,1658.13
2022-11-17,1656.78
2022-11-18,1654.03
2022-11-19,1651.56
2022-11-20,1650.45
2022-11-21,1648.35
2022-11-22,1644.75
2022-11-23,1641.01
2022-11-24,1637.77
2022-11-25,1634.66
2022-11-26,1632.12
2022-11-27,1630.83
2022-11-28,1628.36
2022-11-29,1625.83
2022-11-30,1623.9
2022-12-01,1622.12
2022-12-02,1620.84
2022-12-03,1619.61
2022-12-04,1618.48
2022-12-05,1615.99
2022-12-06,1612.26
2022-12-07,1607.58
2022-12-08,1601.2
2022-12-09,1593.8
2022-12-10,1586.79
2022-12-11,1583.59
2022-12-12,1576.99
2022-12-13,1567.85
2022-12-14,1561.08
2022-12-15,1554.87
2022-12-16,1549.4
2022-12-17,1545.18
2022-12-18,1543.39
2022-12-19,1540.27
2022-12-20,1536.77
2022-12-21,1534.17
2022-12-22,1531.87
2022-12-23,1530.29
2022-12-24,1529.34
2022-12-25,1528.58
2022-12-26,1527.32
2022-12-27,1526.31
2022-12-28,1526.05
2022-12-29,1526.34
2022-12-30,1527.57
2022-12-31,1530.7
2023-01-01,1541.67
2023-01-02,1550.17
2023-01-03,1555.82
2023-01-04,1558.81
2023-01-05,1561.29
2023-01-06,1561.45
2023-01-07,1561.87
2023-01-08,1562.86
2023-01-09,1563.17
2023-01-10,1562.41
2023-01-11,1561.36
2023-01-12,1560.23
2023-01-13,1559.72
2023-01-14,1559.31
2023-01-15,1559.37
2023-01-16,1559.83
2023-01-17,1560
2023-01-18,1560.4
2023-01-19,1561.19
2023-01-20,1562.93
2023-01-21,1564.54
2023-01-22,1565.65
2023-01-23,1566.33
2023-01-24,1567.01
2023-01-25,1568.09
2023-01-26,1569.67
2023-01-27,1571.2
2023-01-28,1572.25
2023-01-29,1572.77
2023-01-30,1574.35
2023-01-31,1575.41
2023-02-01,1577.03
2023-02-02,1578.42
2023-02-03,1579.34
2023-02-04,1579.56
2023-02-05,1579.58
2023-02-06,1579.69
2023-02-07,1578.96
2023-02-08,1577.74
2023-02-09,1577.06
2023-02-10,1576.84
2023-02-11,1576.6
2023-02-12,1576.72
2023-02-13,1577
2023-02-14,1577.33
2023-02-15,1577.6
2023-02-16,1577.98
2023-02-17,1578.47
2023-02-18,1578.51
2023-02-19,1578.56
2023-02-20,1579.06
2023-02-21,1579.09
2023-02-22,1579.2
2023-02-23,1579.33
2023-02-24,1579.35
2023-02-25,1579.33
2023-02-26,1579.53
2023-02-27,1579.96
2023-02-28,1580.09
2023-03-01,1580.36
2023-03-02,1580.84
2023-03-04,1582.59
2023-03-05,1583.16
2023-03-06,1584.47
2023-03-07,1586.94
2023-03-08,1589.09
2023-03-09,1591.2
2023-03-10,1592.73
2023-03-11,1593.93
2023-03-12,1594.55
2023-03-13,1595.77
2023-03-14,1597.32
2023-03-15,1598.08
2023-03-16,1598.27
2023-03-17,1598.36
2023-03-18,1597.43
2023-03-19,1597.4
2023-03-20,1597.36
2023-03-21,1596.54
2023-03-22,1595.59
2023-03-23,1594.91
2023-03-24,1594.43
2023-03-25,1593.95
2023-03-26,1593.76
2023-03-27,1593.79
2023-03-28,1593.51
2023-03-29,1593.48
2023-03-30,1593.51
2023-03-31,1594.02
2023-04-01,1594.59
2023-04-02,1594.97
2023-04-03,1596.33
2023-04-04,1599.92
2023-04-05,1604.38
2023-04-06,1608.84
2023-04-07,1613.75
2023-04-08,1618.2
2023-04-09,1620.69
2023-04-10,1625.25
2023-04-11,1631.53
2023-04-12,1636.56
2023-04-13,1641.57
2023-04-14,1646.78
2023-04-15,1650.95
2023-04-16,1652.99
2023-04-17,1656.9
2023-04-18,1661.02
2023-04-19,1663.28
2023-04-20,1664.69
2023-04-21,1665.11
2023-04-22,1665.21
2023-04-23,1665.32
2023-04-24,1665.63
2023-04-25,1665.4
2023-04-26,1664.85
2023-04-27,1664.38
2023-04-28,1663.56
2023-04-29,1662.9
2023-04-30,1662.79
2023-05-01,1662.48
2023-05-02,1662
2023-05-03,1688.67
2023-05-04,1658.41
2023-05-05,1655.88
2023-05-06,1654.75
2023-05-07,1654.1
2023-05-08,1652.65
2023-05-09,1649.47
2023-05-10,1646.12
2023-05-11,1642.41
2023-05-12,1638.59
2023-05-13,1635.28
2023-05-14,1634.13
2023-05-15,1631.17
2023-05-16,1627.13
2023-05-17,1623.64
2023-05-18,1620.7
2023-05-19,1617.2
2023-05-20,1614.67
2023-05-21,1613.79
2023-05-22,1611.88
2023-05-23,1609.41
2023-05-24,1607.22
2023-05-25,1605.29
2023-05-26,1603.52
2023-05-27,1601.7
2023-05-28,1601.16
2023-05-29,1600.67
2023-05-30,1599.59
2023-05-31,1598.1
2023-06-01,1595.29
2023-06-02,1593.28
2023-06-03,1591.23
2023-06-04,1590.68
2023-06-05,1590.06
2023-06-06,1589.04
2023-06-07,1588.04
2023-06-08,1586.75
2023-06-09,1585.82
2023-06-10,1584.79
2023-06-11,1584.46
2023-06-12,1583.99
2023-06-13,1582.58
2023-06-14,1581.01
2023-06-15,1579.85
2023-06-16,1578.45
2023-06-17,1577.61
2023-06-18,1577.33
2023-06-19,1576.8
2023-06-20,1575.72
2023-06-21,1574.9
2023-06-22,1574.15
2023-06-23,1573.52
2023-06-24,1572.97
2023-06-25,1572.75
2023-06-26,1572.73
2023-06-27,1572.08
2023-06-28,1571.56
2023-06-29,1571.13
2023-06-30,1570.7
2023-07-01,1569.79
2023-07-02,1569.52
2023-07-03,1569.43
2023-07-04,1569.16
2023-07-05,1569
2023-07-06,1568.88
2023-07-07,1569.23
2023-07-08,1569.71
2023-07-09,1570
2023-07-10,1571.07
2023-07-11,1572.03
2023-07-12,1573.08
2023-07-13,1574.55
2023-07-14,1576.89
2023-07-15,1578.77
2023-07-16,1579.82
2023-07-17,1581.74
2023-07-18,1583.72
2023-07-19,1585.45
2023-07-20,1587.55
2023-07-21,1589.76
2023-07-22,1591.77
2023-07-23,1592.85
2023-07-24,1595.36
2023-07-25,1598.62
2023-07-26,1602.74
2023-07-27,1607.11
2023-07-28,1612.76
2023-07-29,1619.33
2023-07-30,1622.78
2023-07-31,1627.38
2023-08-01,1638.23
2023-08-02,1647.72
2023-08-03,1658.01
2023-08-04,1667.53
2023-08-05,1676.64
2023-08-06,1681.14
2023-08-07,1687.86
2023-08-08,1696.23
2023-08-09,1702.56
2023-08-10,1707.13
2023-08-11,1712.63
2023-08-12,1717.67
2023-08-13,1720.21
2023-08-14,1724.31
2023-08-15,1728.56
2023-08-16,1731.34
2023-08-17,1734.19
2023-08-18,1736.09
2023-08-19,1737.56
2023-08-20,1738.29
2023-08-21,1739.72
2023-08-22,1741.16
2023-08-23,1742.16
2023-08-24,1742.59
2023-08-25,1742.95
2023-08-26,1743.29
2023-08-27,1743.57
2023-08-28,1744.19
2023-08-29,1745.23
2023-08-30,1745.65
2023-08-31,1746.07
2023-09-01,1747.13
2023-09-02,1747.7
2023-09-03,1748.15
2023-09-04,1748.95
2023-09-05,1749.9
2023-09-06,1750.77
2023-09-07,1752.15
2023-09-08,1753.64
2023-09-09,1755.1
2023-09-10,1756.02
2023-09-11,1757.58
2023-09-12,1759.4
2023-09-13,1761.41
2023-09-14,1763.46
2023-09-15,1766.4
2023-09-16,1769.09
2023-09-17,1770.28
2023-09-18,1772.99
2023-09-19,1776.84
2023-09-20,1779.75
2023-09-21,1781.68
2023-09-22,1783.61
2023-09-23,1785.21
2023-09-24,1786.26
2023-09-25,1788.05
2023-09-26,1789.63
2023-09-27,1791.29
2023-09-28,1793.26
2023-09-29,1794.41
2023-09-30,1794.66
2023-10-01,1795.22
2023-10-02,1796.17
2023-10-03,1796.25
2023-10-04,1796.38
2023-10-05,1795.91
2023-10-06,1793.82
2023-10-07,1791.71
2023-10-08,1790.73
2023-10-09,1790.08
2023-10-10,1789.18
2023-10-11,1786.89
2023-10-12,1784.72
2023-10-13,1781.79
2023-10-14,1779.47
2023-10-15,1778.68
2023-10-16,1777.56
2023-10-17,1775.06
2023-10-18,1772.84
2023-10-19,1771.04
2023-10-20,1769.39
2023-10-21,1767.74
2023-10-22,1767.17
2023-10-23,1766.3
2023-10-24,1764.26
2023-10-25,1761.55
2023-10-26,1758.33
2023-10-27,1754.98
2023-10-28,1752.31
2023-10-29,1751.43
2023-10-30,1749.83
2023-10-31,1747.06
2023-11-01,1742.31
2023-11-02,1738.21
2023-11-03,1733.97
2023-11-04,1730.38
2023-11-05,1728.69
2023-11-06,1725.83
2023-11-07,1721.01
2023-11-08,1715.73
2023-11-09,1709.48
2023-11-10,1703.13
2023-11-11,1697.77
2023-11-12,1695.93
2023-11-13,1691.87
2023-11-14,1685.73
2023-11-15,1680.63
2023-11-16,1676.26
2023-11-17,1672.3
2023-11-18,1668.84
2023-11-19,1667.51
2023-11-20,1664.78
2023-11-21,1698.4
2023-11-22,1656.54
2023-11-23,1652.96
2023-11-24,1649.56
2023-11-25,1647.05
2023-11-26,1645.97
2023-11-27,1643.95
2023-11-28,1641.03
2023-11-29,1638.49
2023-11-30,1636.75
2023-12-01,1634.18
2023-12-02,1632.42
2023-12-03,1631.71
2023-12-04,1629.96
2023-12-05,1626.7
2023-12-06,1623.79
2023-12-07,1620.78
2023-12-08,1617.44
2023-12-09,1614.5
2023-12-10,1613.41
2023-12-11,1611.22
2023-12-12,1606.83
2023-12-13,1602.56
2023-12-14,1599.08
2023-12-15,1595.98
2023-12-16,1593.35
2023-12-17,1592.5
2023-12-18,1590.61
2023-12-19,1587.97
2023-12-20,1586.3
2023-12-21,1585.23
2023-12-22,1584.81
2023-12-23,1584.02
2023-12-24,1583.69
2023-12-25,1583.53
2023-12-26,1582.63
2023-12-27,1581.89
2023-12-28,1581.22
2023-12-29,1580.53
2023-12-30,1579.61
2023-12-31,1579.31
2024-01-01,1578.54
2024-01-02,1577.46
2024-01-03,1575.89
2024-01-04,1574.52
2024-01-05,1573.43
2024-01-06,1572.33
2024-01-07,1572.02
2024-01-08,1571.71
2024-01-09,1570.46
2024-01-10,1569.02
2024-01-11,1567.64
2024-01-12,1566.47
2024-01-13,1565.39
2024-01-14,1565.13
2024-01-15,1564.94
2024-01-16,1564.38
2024-01-17,1563.41
2024-01-18,1563.03
2024-01-19,1562.66
2024-01-20,1562.4
2024-01-21,1562.41
2024-01-22,1562.78
2024-01-23,1563.3
2024-01-24,1564.19
2024-01-25,1565.87
2024-01-26,1567.91
2024-01-27,1570.95
2024-01-28,1572.19
2024-01-29,1575.09
2024-01-30,1578.88
2024-01-31,1582.27
2024-02-01,1586.46
2024-02-02,1589.01
2024-02-03,1591.03
2024-02-04,1592.01
2024-02-05,1594.1
2024-02-06,1596.46
2024-02-07,1598.37
2024-02-08,1600.73
2024-02-09,1603.53
2024-02-10,1604.84
2024-02-11,1605.81
2024-02-12,1606.65
2024-02-13,1608.44
2024-02-14,1611.7
2024-02-15,1614.9
2024-02-16,1618
2024-02-17,1620.92
2024-02-18,1622.32
2024-02-19,1625.02
2024-02-20,1627.74
2024-02-21,1629.43
2024-02-22,1630.89
2024-02-23,1632.41
2024-02-24,1633.29
2024-02-25,1633.74
2024-02-26,1634.84
2024-02-27,1635.57
2024-02-28,1636.15
2024-02-29,1636.72
2024-03-01,1637.44
2024-03-02,1637.74
2024-03-03,1638.1
2024-03-04,1638.95
2024-03-05,1639.39
2024-03-06,1639.52
2024-03-07,1639.47
2024-03-08,1639.52
2024-03-09,1639.18
2024-03-10,1639.26
2024-03-11,1639.59
2024-03-12,1639.44
2024-03-13,1638.99
2024-03-14,1638.5
2024-03-15,1638.33
2024-03-16,1637.92
2024-03-17,1637.88
2024-03-18,1638.22
2024-03-19,1637.78
2024-03-20,1638.05
2024-03-21,1638.31
2024-03-22,1638.66
2024-03-23,1638.43
2024-03-24,1638.46
2024-03-25,1638.97
2024-03-26,1639.57
2024-03-27,1640.07
2024-03-28,1640.44
2024-03-29,1641.08
2024-03-30,1642.15
2024-03-31,1642.77
2024-04-01,1644.42
2024-04-02,1645.97
2024-04-03,1648.7
2024-04-04,1652.94
2024-04-05,1658.16
2024-04-06,1662.55
2024-04-07,1665.23
2024-04-08,1669.72
2024-04-09,1674.74
2024-04-10,1677.48
2024-04-11,1679.08
2024-04-12,1682.28
2024-04-13,1685.38
2024-04-14,1687.39
2024-04-15,1691.52
2024-04-16,1695.55
2024-04-17,1699.1
2024-04-18,1701.69
2024-04-19,1704.14
2024-04-20,1705.67
2024-04-21,1706.47
2024-04-22,1707.25
2024-04-23,1708.08
2024-04-24,1709.56
2024-04-25,1710.47
2024-04-26,1711.28
2024-04-27,1711.59
2024-04-28,1711.94
2024-04-29,1712.73
2024-04-30,1712.97
2024-05-01,1713.47
2024-05-02,1713.56
2024-05-03,1713.39
2024-05-04,1712.67
2024-05-05,1712.64
2024-05-06,1712.71
2024-05-07,1712.2
2024-05-08,1711.12
2024-05-09,1709.94
2024-05-10,1708.38
2024-05-11,1706.8
2024-05-12,1706.13
2024-05-13,1704.93
2024-05-14,1702.6
2024-05-15,1701.02
2024-05-16,1699.61
2024-05-17,1697.68
2024-05-18,1695.33
2024-05-19,1694.71
2024-05-20,1693.51
2024-05-21,1691.17
2024-05-22,1688.97
2024-05-23,1686.59
2024-05-24,1684.41
2024-05-25,1682.55
2024-05-26,1681.77
2024-05-27,1680.48
2024-05-28,1678.28
2024-05-29,1676.54
2024-05-30,1675.12
2024-05-31,1673.58
2024-06-01,1671.21
2024-06-02,1670.58
2024-06-03,1669.55
2024-06-04,1667.38
2024-06-05,1664.71
2024-06-06,1662.43
2024-06-07,1660.88
2024-06-08,1658.98
2024-06-09,1658.24
2024-06-10,1657.02
2024-06-11,1654.69
2024-06-12,1652.63
2024-06-13,1651.2
2024-06-14,1649.93
2024-06-15,1649.44
2024-06-16,1649.11
2024-06-17,1648.75
2024-06-18,1648.3
2024-06-19,1648.55
2024-06-20,1648.89
2024-06-21,1649.48
2024-06-22,1650.95
2024-06-23,1651.44
2024-06-24,1653.06
2024-06-25,1654.9
2024-06-26,1657.26
2024-06-27,1660.17
2024-06-28,1663.14
2024-06-29,1667.38
2024-06-30,1670.76
2024-07-01,1679.05
2024-07-02,1683.42
2024-07-03,1686.19
2024-07-04,1691.72
2024-07-05,1695.76
2024-07-06,1699.45
2024-07-07,1701.08
2024-07-08,1704.71
2024-07-09,1707.74
2024-07-10,1709.16
2024-07-11,1710.1
2024-07-12,1710.92
2024-07-13,1711.48
2024-07-14,1711.93
2024-07-15,1713.04
2024-07-16,1713.32
2024-07-17,1713.46
2024-07-18,1713.56
2024-07-19,1713.91
2024-07-20,1713.64
2024-07-21,1713.63
2024-07-22,1714.01
2024-07-23,1713.9
2024-07-24,1713.33
2024-07-25,1712.92
2024-07-26,1712.45
2024-07-27,1711.89
2024-07-28,1711.75
2024-07-29,1711.52
2024-07-30,1711.32
2024-07-31,1710.71
2024-08-01,1709.9
2024-08-02,1709.8
2024-08-03,1708.9
2024-08-04,1708.66
2024-08-05,1708.43
2024-08-06,1707.01
2024-08-07,1705.17
2024-08-08,1703.51
2024-08-09,1702.03
2024-08-10,1700.22
2024-08-11,1699.52
2024-08-12,1698.17
2024-08-13,1696.48
2024-08-14,1695.28
2024-08-15,1694.46
2024-08-16,1693.88
2024-08-17,1692.92
2024-08-18,1692.56
2024-08-19,1691.89
2024-08-20,1689.69
2024-08-21,1687
2024-08-22,1683.62
2024-08-23,1680.07
2024-08-24,1677.52
2024-08-25,1676.6
2024-08-26,1674.86
2024-08-27,1672.19
2024-08-28,1670.5
2024-08-29,1668.4
2024-08-30,1666.35
2024-08-31,1664.38
2024-09-01,1663.28
2024-09-02,1661.54
2024-09-03,1659.18
2024-09-04,1656.06
2024-09-05,1652.29
2024-09-06,1648.95
2024-09-07,1645.75
2024-09-08,1644.44
2024-09-09,1641.48
2024-09-10,1636.82
2024-09-11,1631.27
2024-09-12,1626.47
2024-09-13,1622.46
2024-09-14,1618.98
2024-09-15,1617.72
2024-09-16,1616.39
2024-09-17,1615.3
2024-09-18,1614.27
2024-09-19,1611.76
2024-09-20,1608.25
2024-09-21,1606.02
2024-09-22,1604.98
2024-09-23,1602.88
2024-09-24,1600.13
2024-09-25,1597.91
2024-09-26,1595.91
2024-09-27,1593.9
2024-09-28,1591.38
2024-09-29,1590.6
2024-09-30,1589.6
2024-10-01,1587.24
2024-10-02,1585.87
2024-10-03,1584.75
2024-10-04,1584.19
2024-10-05,1583.9
2024-10-06,1583.75
2024-10-07,1584.15
2024-10-08,1585.44
2024-10-09,1586.52
2024-10-10,1587.36
2024-10-11,1588.27
2024-10-12,1588.8
2024-10-13,1589.69
2024-10-14,1591.36
2024-10-15,1592.27
2024-10-16,1592.29
2024-10-17,1592.35
2024-10-18,1592.28
2024-10-19,1591.96
2024-10-20,1592
2024-10-21,1592.82
2024-10-22,1592.9
2024-10-23,1593.43
2024-10-24,1594.15
2024-10-25,1595.75
2024-10-26,1597.45
2024-10-27,1598.18
2024-10-28,1599.57
2024-10-29,1600.38
2024-10-30,1601.02
2024-10-31,1601.58
2024-11-01,1605.74
2024-11-02,1607.55
2024-11-03,1608.57
2024-11-04,1610.41
2024-11-05,1612.75
2024-11-06,1615.96
2024-11-07,1618.77
2024-11-08,1621.59
2024-11-09,1624.42
2024-11-10,1625.43
2024-11-11,1627.94
2024-11-12,1629.52
2024-11-13,1630.95
2024-11-14,1631.71
2024-11-15,1632.4
2024-11-16,1632.44
2024-11-17,1632.54
2024-11-18,1633.54
2024-11-19,1633.97
2024-11-20,1634.5
2024-11-21,1635.03
2024-11-22,1635.78
2024-11-23,1636.06
2024-11-24,1636.51
2024-11-25,1637.7
2024-11-26,1638.57
2024-11-27,1639.05
2024-11-28,1639.5
2024-11-29,1640
2024-11-30,1640.07
2024-12-01,1640.39
2024-12-02,1641.41
2024-12-03,1641.84
2024-12-04,1642.55
2024-12-05,1643.23
2024-12-06,1644.11
2024-12-07,1644.43
2024-12-08,1644.51
2024-12-09,1645.36
2024-12-10,1646.21
2024-12-11,1646.87
2024-12-12,1647.92
2024-12-13,1648.96
2024-12-14,1649.5
2024-12-15,1650.18
2024-12-16,1651.81
2024-12-17,1653.23
2024-12-18,1654.68
2024-12-19,1656.12
2024-12-20,1657.79
2024-12-21,1658.73
2024-12-22,1659.43
2024-12-23,1660.93
2024-12-24,1662.5
2024-12-25,1663.56
2024-12-26,1664.74
2024-12-27,1666.46
2024-12-28,1667.32
2024-12-29,1667.92
2024-12-30,1669.37
2024-12-31,1670.65
2025-01-01,1672.68
2025-01-02,1674.44
2025-01-03,1676.64
2025-01-04,1679.07
2025-01-05,1680.56
2025-01-06,1683.43
2025-01-07,1686.97
2025-01-08,1689.66
2025-01-09,1692.8
2025-01-10,1695.07
2025-01-11,1697.11
2025-01-12,1698.93
2025-01-13,1702.29
2025-01-14,1705.76
2025-01-15,1709.76
2025-01-16,1713.63
2025-01-17,1717.37
2025-01-18,1720.01
2025-01-19,1721.33
2025-01-20,1724.1
2025-01-21,1726.61
2025-01-22,1728.88
2025-01-23,1730.09
2025-01-24,1731.15
2025-01-25,1731.96
2025-01-26,1732.12
2025-01-27,1733.26
2025-01-28,1733.48
2025-01-29,1733.36
2025-01-30,1733.32
2025-01-31,1733.41
2025-02-01,1733.2
2025-02-02,1733.05
2025-02-03,1733.33
2025-02-04,1733.2
2025-02-05,1732.99
2025-02-06,1732.74
2025-02-07,1732.48
2025-02-08,1731.79
2025-02-09,1731.66
2025-02-10,1731.75
2025-02-11,1730.97
2025-02-12,1730.42
2025-02-13,1729.75
2025-02-14,1729.18
2025-02-15,1728.28
2025-02-16,1727.69
2025-02-17,1727.83
2025-02-18,1727.07
2025-02-19,1726.26
2025-02-20,1725.47
2025-02-22,1723.75
2025-02-23,1723.89
2025-02-24,1723.64
2025-02-25,1723.03
2025-02-26,1722.06
2025-02-27,1720.98
2025-02-28,1719.92
2025-03-01,1718.21
2025-03-02,1717.82
2025-03-03,1717.6
2025-03-04,1716.53
2025-03-05,1714.8
2025-03-06,1712.37
2025-03-07,1709.75
2025-03-08,1706.36
2025-03-09,1705.81
2025-03-10,1704.26
2025-03-11,1700.14
2025-03-12,1696.42
2025-03-13,1692.86
2025-03-14,1689.68
2025-03-15,1687.05
2025-03-16,1685.99
2025-03-17,1684.07
2025-03-18,1681.64
2025-03-19,1679.27
2025-03-20,1677.14
2025-03-21,1675.1
2025-03-22,1673.09
2025-03-23,1672.41
2025-03-24,1671.57
2025-03-25,1669.69
2025-03-26,1668.2
2025-03-27,1667.12
2025-03-28,1666.43
2025-03-29,1664.95
2025-03-30,1665.07
2025-03-31,1665.28
2025-04-01,1665.07
2025-04-02,1665.01
2025-04-03,1665.1
2025-04-04,1664.71
2025-04-05,1663.17
2025-04-06,1662.54
2025-04-07,1661.51
2025-04-08,1659.1
2025-04-09,1656.28
2025-04-10,1653.64
2025-04-11,1651.13
2025-04-12,1648.82
2025-04-13,1648.63
2025-04-14,1647.33
2025-04-15,1644.91
2025-04-16,1642.49
2025-04-17,1640.54
2025-04-18,1639.14
2025-04-19,1637.35
2025-04-20,1636.95
2025-04-21,1636.42
2025-04-22,1635.36
2025-04-23,1634.67
2025-04-24,1634.38
2025-04-25,1634.24
2025-04-26,1633.68
2025-04-27,1633.5
2025-04-28,1634.54
2025-04-29,1634.95
2025-04-30,1635.54
2025-05-01,1638.8
2025-05-02,1639.53
2025-05-03,1639.64
2025-05-04,1639.91
2025-05-05,1640.51
2025-05-06,1639.8
2025-05-07,1639.72
2025-05-08,1638.94
2025-05-09,1638.54
2025-05-10,1637.29
2025-05-11,1637.44
2025-05-12,1637.71
2025-05-13,1637.39
2025-05-14,1637.25
2025-05-15,1637.12
2025-05-16,1636.77
2025-05-17,1636
2025-05-18,1635.9
2025-05-19,1636.37
2025-05-20,1636.05
2025-05-21,1635.66
2025-05-22,1635.18
2025-05-23,1634.89
2025-05-24,1634.01
2025-05-25,1633.65
2025-05-26,1634.18
2025-05-27,1633.65
2025-05-28,1632.96
2025-05-29,1632.28
2025-05-30,1631.85
2025-05-31,1630.74
2025-06-01,1630.23
2025-06-02,1630.25
2025-06-03,1629.85
2025-06-04,1629.55
2025-06-05,1629
2025-06-06,1628.48
2025-06-07,1627.69
2025-06-08,1627.9
2025-06-09,1628.28
2025-06-10,1627.88
2025-06-11,1627.26
2025-06-12,1626.99
2025-06-13,1627.71
2025-06-14,1629.29
2025-06-15,1630.27
2025-06-16,1632.78
2025-06-17,1635.27
2025-06-18,1637.67
2025-06-19,1641.41
2025-06-20,1645.9
2025-06-21,1650.32
2025-06-22,1652.79
2025-06-23,1660.21
2025-06-24,1666.9
2025-06-25,1667.89
2025-06-26,1668.11
2025-06-27,1668.19
2025-06-28,1667.95
2025-06-29,1668.02
2025-06-30,1668.48
2025-07-01,1668.24
2025-07-02,1667.99
2025-07-03,1667.77
2025-07-04,1667.74
2025-07-05,1667.3
2025-07-06,1667.04
2025-07-07,1667.79
2025-07-08,1667.6
2025-07-09,1667.54
2025-07-10,1667.51
2025-07-11,1667.57
2025-07-12,1667.33
2025-07-13,1667.43
2025-07-14,1668.15
2025-07-15,1668.08
2025-07-16,1667.86
2025-07-17,1667.81
2025-07-18,1667.67
2025-07-19,1667.18
2025-07-20,1667.14
2025-07-21,1667.64
2025-07-22,1667.56
2025-07-23,1667.35
2025-07-24,1667.32
2025-07-25,1667.31
2025-07-26,1666.65
2025-07-27,1667.08
2025-07-28,1667.67
2025-07-29,1667.64
2025-07-30,1667.82
2025-07-31,1668.1
2025-08-01,1668.62
2025-08-02,1668.99
2025-08-03,1669.38
2025-08-04,1670.16
2025-08-05,1670.1
2025-08-06,1669.91
2025-08-07,1669.76
2025-08-08,1669.5
2025-08-09,1668.88
2025-08-10,1668.55
2025-08-11,1669.02
2025-08-12,1668.32
2025-08-13,1667.7
2025-08-14,1667.2
2025-08-15,1666.64
2025-08-16,1666.19
2025-08-17,1665.98
2025-08-18,1666.08
2025-08-19,1665.28
2025-08-20,1664.39
2025-08-21,1663.69
2025-08-22,1663.08
2025-08-23,1662.25
2025-08-24,1661.88
2025-08-25,1662.47
2025-08-26,1662.4
2025-08-27,1662.05
2025-08-28,1661.79
2025-08-29,1661.42
2025-09-01,1660.72
2025-09-02,1660.34
2025-09-03,1660.08
2025-09-04,1659.93
2025-09-05,1659.72
2025-09-06,1659.32
2025-09-07,1659.41
2025-09-08,1659.74
2025-09-09,1659.82
2025-09-10,1659.79
2025-09-11,1659.76
2025-09-12,1659.49
